timestamp,Adult Use of Marijuana Act,Alcohol abuse,Anorexia nervosa,Arnold Schwarzenegger,Arthritis,Board of supervisors,Bureau of Cannabis Control,California,California Department of Food and Agriculture,California Department of Public Health,California Proposition 19 (1972),California Proposition 19 (2010),California Proposition 215 (1996),California Proposition 36 (2000),California Senate Bill 420,California State Legislature,Cancer,Cannabis in California,Caregiver,Charles R. Breyer,Chronic pain,Compassionate Use Act of 1996,Conant v. McCaffrey,Dan Lungren,Decriminalization,Dennis Peron,Diego de Borica,District attorney,Drug Policy Alliance,Drug abuse,Drug possession,Ed Rosenthal,Emerald Triangle,Financial Crimes Enforcement Network,Financial compensation,Fort Ross,Glaucoma,Gonzales v. Raich,Governor of California,Gray Davis,HIV/AIDS,Hashish,Initiatives and referendums in the United States,Interstate commerce,John Chiang (California politician),Life imprisonment,Los Angeles,"Marijuana Control, Regulation, and Education Act",Medical cannabis,Medical necessity,Migraine,Mission San José (California),Multiple sclerosis,National Organization for the Reform of Marijuana Laws,Oakland Cannabis Buyers' Cooperative,"Oakland, California",Oaksterdam University,Paraquat,Pete Wilson,Plant cultivation,Prima facie,Proposition 215,Psychoactive drug,Recreational marijuana,Richard Lee (activist),Rohrabacher–Farr amendment,Rolling paper,Russian colonization of the Americas,"San Diego County, California",San Francisco,San Francisco Cannabis Buyers Club,"Santa Ana, California","Santa Cruz, California",Schedule I drugs,Sonoratown,Spasticity,Supreme Court of California,Terence Hallinan,Time (magazine),Tom Ammiano,United States,United States Department of Justice,United States v. Oakland Cannabis Buyers' Cooperative,Veto,West Hollywood,Wo/Men's Alliance for Medical Marijuana
2017-10-01,92.0,369.0,2612.0,17010.0,1623.0,32.0,,11221.0,15.0,10.0,2.0,21.0,127.0,31.0,43.0,167.0,4284.0,589.0,252.0,20.0,522.0,,4.0,38.0,102.0,19.0,2.0,481.0,40.0,166.0,71.0,29.0,216.0,133.0,50.0,55.0,2256.0,234.0,470.0,434.0,5315.0,2141.0,207.0,31.0,222.0,1578.0,9079.0,10.0,1232.0,25.0,2696.0,44.0,5794.0,60.0,4.0,1839.0,47.0,352.0,229.0,16.0,654.0,1.0,1137.0,7.0,4.0,63.0,199.0,406.0,498.0,5489.0,6.0,471.0,760.0,1.0,5.0,407.0,190.0,38.0,1362.0,44.0,35641.0,835.0,10.0,313.0,76.0,3.0
2017-10-02,136.0,535.0,2633.0,12970.0,1886.0,42.0,,10806.0,23.0,14.0,4.0,35.0,181.0,48.0,53.0,206.0,5383.0,552.0,295.0,25.0,453.0,,11.0,43.0,228.0,17.0,13.0,718.0,60.0,162.0,79.0,31.0,185.0,179.0,50.0,49.0,2814.0,603.0,496.0,369.0,6527.0,1924.0,462.0,50.0,184.0,1954.0,11065.0,16.0,1432.0,42.0,3213.0,64.0,6723.0,94.0,6.0,1759.0,56.0,506.0,210.0,10.0,908.0,3.0,1456.0,7.0,15.0,107.0,208.0,229.0,539.0,5775.0,11.0,543.0,781.0,,13.0,531.0,190.0,34.0,1540.0,56.0,45414.0,1132.0,26.0,449.0,70.0,1.0
2017-10-03,141.0,512.0,3123.0,17047.0,2047.0,51.0,,10560.0,15.0,26.0,6.0,36.0,152.0,54.0,68.0,233.0,5101.0,560.0,286.0,32.0,433.0,,10.0,63.0,244.0,18.0,7.0,684.0,48.0,149.0,75.0,33.0,205.0,215.0,68.0,56.0,3035.0,622.0,509.0,375.0,6369.0,1820.0,549.0,57.0,158.0,1743.0,10237.0,9.0,1415.0,50.0,3307.0,66.0,6688.0,91.0,1.0,1620.0,58.0,476.0,240.0,17.0,916.0,9.0,1449.0,4.0,5.0,111.0,200.0,211.0,502.0,5599.0,10.0,533.0,742.0,,5.0,497.0,158.0,25.0,1414.0,37.0,46962.0,1186.0,33.0,537.0,64.0,3.0
2017-10-04,128.0,509.0,2757.0,15635.0,2076.0,45.0,,10656.0,18.0,26.0,4.0,25.0,161.0,31.0,53.0,249.0,5238.0,554.0,372.0,24.0,384.0,,8.0,81.0,184.0,12.0,4.0,670.0,48.0,166.0,71.0,39.0,183.0,375.0,43.0,49.0,2932.0,613.0,524.0,465.0,6068.0,1853.0,595.0,57.0,143.0,2333.0,9380.0,8.0,1353.0,48.0,3303.0,69.0,8207.0,100.0,1.0,1592.0,66.0,518.0,260.0,27.0,862.0,3.0,1627.0,5.0,15.0,77.0,220.0,228.0,561.0,6067.0,8.0,530.0,706.0,,0.0,572.0,200.0,30.0,1413.0,16.0,45040.0,1384.0,22.0,501.0,72.0,3.0
2017-10-05,129.0,447.0,2574.0,13846.0,1962.0,44.0,,10655.0,19.0,16.0,9.0,13.0,142.0,33.0,52.0,303.0,5109.0,544.0,329.0,20.0,486.0,,3.0,70.0,157.0,12.0,5.0,654.0,46.0,174.0,76.0,25.0,213.0,237.0,47.0,52.0,3147.0,551.0,568.0,442.0,6568.0,1904.0,509.0,58.0,160.0,1833.0,8727.0,8.0,1448.0,39.0,3209.0,73.0,7744.0,80.0,0.0,1604.0,63.0,503.0,313.0,13.0,890.0,3.0,3278.0,2.0,8.0,107.0,235.0,193.0,617.0,5938.0,6.0,512.0,685.0,0.0,4.0,552.0,198.0,41.0,1447.0,40.0,44218.0,1375.0,36.0,489.0,60.0,9.0
2017-10-06,110.0,378.0,2278.0,14146.0,1780.0,41.0,,10209.0,16.0,27.0,7.0,33.0,159.0,34.0,69.0,271.0,4684.0,479.0,227.0,34.0,406.0,,10.0,49.0,145.0,20.0,9.0,691.0,47.0,133.0,74.0,42.0,234.0,205.0,43.0,55.0,2825.0,512.0,748.0,576.0,5995.0,1938.0,408.0,56.0,178.0,1518.0,8431.0,10.0,1744.0,40.0,3051.0,69.0,8474.0,74.0,5.0,1463.0,53.0,458.0,307.0,14.0,696.0,3.0,3125.0,1.0,6.0,72.0,196.0,187.0,533.0,5446.0,5.0,509.0,658.0,,,454.0,160.0,28.0,1398.0,34.0,41903.0,1178.0,22.0,440.0,61.0,4.0
2017-10-07,88.0,347.0,2024.0,16966.0,1624.0,32.0,,8837.0,16.0,16.0,10.0,27.0,129.0,23.0,52.0,204.0,4098.0,548.0,207.0,10.0,326.0,,5.0,40.0,103.0,13.0,3.0,540.0,30.0,128.0,70.0,33.0,202.0,129.0,55.0,34.0,2565.0,171.0,647.0,916.0,4913.0,1920.0,134.0,30.0,111.0,1573.0,8447.0,5.0,1148.0,12.0,2847.0,47.0,5792.0,79.0,,1322.0,48.0,341.0,300.0,12.0,565.0,0.0,1844.0,4.0,11.0,58.0,230.0,175.0,473.0,5217.0,14.0,432.0,638.0,0.0,0.0,356.0,135.0,22.0,1318.0,43.0,34039.0,813.0,21.0,288.0,78.0,1.0
2017-10-08,107.0,426.0,2430.0,15993.0,1760.0,29.0,,10041.0,14.0,5.0,3.0,40.0,118.0,23.0,42.0,216.0,4589.0,532.0,270.0,9.0,397.0,,2.0,37.0,113.0,12.0,12.0,571.0,30.0,175.0,72.0,42.0,239.0,129.0,37.0,50.0,2523.0,220.0,597.0,667.0,5814.0,2078.0,159.0,31.0,158.0,1682.0,9235.0,9.0,1183.0,24.0,2884.0,80.0,6003.0,76.0,,1803.0,39.0,367.0,353.0,15.0,679.0,6.0,1636.0,3.0,7.0,123.0,248.0,179.0,483.0,5761.0,10.0,543.0,866.0,0.0,3.0,442.0,128.0,29.0,1338.0,41.0,36634.0,881.0,21.0,402.0,67.0,2.0
2017-10-09,122.0,492.0,2715.0,14916.0,2145.0,48.0,,11920.0,20.0,17.0,6.0,33.0,157.0,27.0,50.0,322.0,5434.0,514.0,313.0,12.0,433.0,,8.0,62.0,164.0,19.0,9.0,564.0,49.0,178.0,85.0,30.0,256.0,234.0,32.0,52.0,3071.0,481.0,749.0,614.0,6156.0,2036.0,308.0,50.0,164.0,1939.0,9676.0,9.0,1395.0,41.0,3542.0,248.0,6885.0,79.0,1.0,1723.0,56.0,502.0,617.0,13.0,954.0,7.0,1653.0,1.0,6.0,127.0,222.0,260.0,641.0,6818.0,13.0,644.0,921.0,,1.0,513.0,163.0,24.0,1738.0,38.0,41931.0,1041.0,42.0,532.0,67.0,4.0
2017-10-10,158.0,482.0,2982.0,15055.0,1842.0,62.0,,15682.0,26.0,24.0,5.0,30.0,176.0,46.0,51.0,319.0,5707.0,557.0,340.0,15.0,466.0,,8.0,42.0,163.0,14.0,7.0,638.0,52.0,161.0,90.0,45.0,394.0,199.0,50.0,66.0,3291.0,656.0,887.0,586.0,6482.0,1987.0,376.0,62.0,171.0,1619.0,9426.0,6.0,1440.0,42.0,3565.0,128.0,6845.0,87.0,1.0,1787.0,58.0,507.0,497.0,14.0,877.0,4.0,1612.0,3.0,6.0,158.0,201.0,300.0,755.0,7308.0,11.0,829.0,951.0,,2.0,567.0,175.0,31.0,1713.0,35.0,45911.0,1259.0,25.0,526.0,67.0,
2017-10-11,128.0,511.0,2862.0,14385.0,1824.0,46.0,,12931.0,24.0,20.0,6.0,23.0,171.0,53.0,43.0,282.0,5501.0,520.0,332.0,19.0,446.0,,15.0,79.0,204.0,16.0,6.0,710.0,36.0,165.0,69.0,25.0,320.0,231.0,47.0,78.0,3272.0,438.0,746.0,452.0,8228.0,2010.0,326.0,49.0,158.0,2266.0,8980.0,10.0,1419.0,39.0,3504.0,81.0,7690.0,62.0,1.0,1735.0,70.0,517.0,378.0,11.0,902.0,3.0,1402.0,2.0,5.0,198.0,223.0,252.0,749.0,6523.0,16.0,598.0,844.0,,3.0,533.0,180.0,36.0,1605.0,30.0,45306.0,1140.0,22.0,530.0,58.0,3.0
2017-10-12,133.0,487.0,3001.0,16145.0,1822.0,61.0,,15146.0,23.0,26.0,4.0,51.0,158.0,41.0,58.0,269.0,5557.0,611.0,393.0,22.0,424.0,,2.0,54.0,181.0,25.0,5.0,699.0,60.0,165.0,93.0,30.0,584.0,230.0,31.0,61.0,3185.0,471.0,765.0,467.0,5980.0,1970.0,430.0,47.0,179.0,2448.0,8772.0,7.0,1454.0,39.0,3525.0,89.0,7056.0,80.0,9.0,1753.0,67.0,432.0,394.0,20.0,841.0,4.0,1492.0,4.0,10.0,201.0,182.0,275.0,935.0,6755.0,15.0,630.0,807.0,,4.0,589.0,206.0,16.0,1509.0,36.0,45992.0,1215.0,26.0,542.0,65.0,4.0
2017-10-13,157.0,410.0,2547.0,13256.0,1594.0,44.0,,13527.0,22.0,20.0,1.0,57.0,155.0,48.0,44.0,290.0,5000.0,508.0,260.0,37.0,380.0,,4.0,46.0,126.0,24.0,3.0,625.0,38.0,141.0,62.0,35.0,599.0,191.0,36.0,60.0,2941.0,332.0,688.0,460.0,6136.0,1830.0,304.0,38.0,162.0,1784.0,8459.0,9.0,1316.0,31.0,3165.0,65.0,6366.0,68.0,3.0,1732.0,53.0,414.0,367.0,29.0,733.0,9.0,1232.0,3.0,11.0,134.0,211.0,247.0,786.0,6175.0,18.0,574.0,926.0,,,440.0,154.0,46.0,1396.0,33.0,43245.0,1097.0,19.0,492.0,64.0,2.0
2017-10-14,119.0,347.0,2180.0,13843.0,1274.0,50.0,,13779.0,12.0,24.0,3.0,22.0,119.0,17.0,53.0,248.0,4565.0,520.0,264.0,19.0,361.0,,3.0,38.0,121.0,94.0,17.0,592.0,32.0,137.0,61.0,31.0,455.0,132.0,35.0,52.0,2624.0,126.0,771.0,467.0,5056.0,2185.0,107.0,17.0,135.0,1669.0,8355.0,7.0,1166.0,30.0,2832.0,68.0,5229.0,52.0,5.0,1583.0,42.0,365.0,299.0,19.0,585.0,2.0,1053.0,1.0,9.0,61.0,208.0,160.0,581.0,5775.0,11.0,481.0,910.0,,3.0,452.0,157.0,61.0,1812.0,32.0,38464.0,849.0,19.0,366.0,91.0,2.0
2017-10-15,104.0,448.0,2338.0,17283.0,1531.0,36.0,,13173.0,26.0,12.0,3.0,26.0,101.0,22.0,42.0,219.0,4929.0,483.0,255.0,9.0,379.0,,6.0,42.0,115.0,42.0,5.0,651.0,41.0,159.0,76.0,32.0,386.0,128.0,24.0,46.0,2569.0,168.0,763.0,550.0,5509.0,1974.0,183.0,40.0,143.0,1746.0,9437.0,6.0,1207.0,27.0,3012.0,80.0,5818.0,60.0,0.0,1826.0,33.0,372.0,378.0,11.0,682.0,4.0,1252.0,6.0,7.0,71.0,237.0,191.0,677.0,5979.0,6.0,494.0,933.0,1.0,1.0,472.0,143.0,51.0,1621.0,32.0,38994.0,976.0,18.0,374.0,168.0,1.0
2017-10-16,131.0,514.0,2651.0,13898.0,1798.0,43.0,,12242.0,24.0,29.0,8.0,40.0,203.0,36.0,58.0,401.0,5339.0,535.0,315.0,22.0,438.0,,8.0,45.0,150.0,33.0,12.0,695.0,44.0,164.0,77.0,46.0,335.0,258.0,33.0,70.0,3059.0,486.0,701.0,598.0,6223.0,1971.0,343.0,45.0,217.0,1896.0,9310.0,7.0,1318.0,31.0,3610.0,83.0,6712.0,71.0,,1736.0,80.0,484.0,442.0,13.0,882.0,1.0,1428.0,1.0,25.0,105.0,216.0,243.0,591.0,6074.0,14.0,564.0,989.0,,1.0,520.0,198.0,31.0,1541.0,29.0,43176.0,1394.0,22.0,534.0,69.0,2.0
2017-10-17,106.0,462.0,2643.0,11978.0,1793.0,57.0,,11601.0,22.0,31.0,5.0,33.0,161.0,47.0,63.0,319.0,5277.0,578.0,329.0,30.0,468.0,,13.0,48.0,152.0,30.0,4.0,765.0,48.0,138.0,73.0,41.0,366.0,273.0,47.0,53.0,3048.0,379.0,630.0,491.0,5798.0,1984.0,355.0,47.0,234.0,2831.0,8927.0,7.0,1410.0,36.0,3579.0,102.0,6895.0,91.0,0.0,1697.0,56.0,470.0,329.0,14.0,879.0,2.0,1367.0,6.0,5.0,113.0,212.0,248.0,641.0,6005.0,13.0,524.0,1495.0,1.0,1.0,501.0,213.0,28.0,1481.0,34.0,43510.0,1280.0,33.0,584.0,80.0,4.0
2017-10-18,113.0,485.0,2851.0,11814.0,1821.0,49.0,,11127.0,18.0,20.0,1.0,45.0,165.0,53.0,52.0,341.0,5313.0,592.0,303.0,19.0,448.0,,10.0,50.0,160.0,25.0,3.0,664.0,63.0,146.0,84.0,24.0,346.0,264.0,48.0,59.0,2995.0,513.0,564.0,430.0,5914.0,1932.0,350.0,47.0,197.0,2637.0,9039.0,9.0,1292.0,53.0,3481.0,81.0,6669.0,87.0,1.0,2061.0,64.0,462.0,308.0,16.0,830.0,6.0,1949.0,2.0,15.0,146.0,211.0,338.0,773.0,5934.0,10.0,518.0,1080.0,1.0,1.0,531.0,315.0,42.0,1375.0,27.0,44191.0,1624.0,35.0,983.0,59.0,2.0
2017-10-19,172.0,458.0,2674.0,13516.0,1771.0,43.0,,10580.0,20.0,20.0,11.0,41.0,163.0,30.0,42.0,283.0,5310.0,562.0,347.0,32.0,385.0,,9.0,52.0,192.0,15.0,4.0,649.0,63.0,180.0,90.0,34.0,292.0,231.0,37.0,40.0,2899.0,448.0,563.0,406.0,5491.0,2091.0,378.0,52.0,132.0,1984.0,8762.0,7.0,1335.0,35.0,3288.0,70.0,6581.0,92.0,3.0,1760.0,95.0,483.0,324.0,19.0,910.0,2.0,1443.0,4.0,7.0,190.0,214.0,240.0,758.0,5455.0,15.0,513.0,840.0,,1.0,507.0,169.0,32.0,1473.0,29.0,47110.0,1662.0,21.0,673.0,54.0,8.0
2017-10-20,128.0,429.0,2392.0,12379.0,1712.0,53.0,,10657.0,12.0,19.0,4.0,38.0,152.0,55.0,46.0,256.0,5285.0,502.0,303.0,21.0,405.0,,9.0,49.0,155.0,21.0,9.0,685.0,52.0,174.0,76.0,31.0,235.0,189.0,26.0,53.0,2806.0,347.0,552.0,384.0,5426.0,1928.0,293.0,35.0,163.0,1711.0,10359.0,10.0,1434.0,27.0,3149.0,71.0,6166.0,96.0,5.0,2884.0,74.0,493.0,269.0,19.0,723.0,2.0,1338.0,2.0,40.0,128.0,214.0,169.0,694.0,5569.0,10.0,498.0,820.0,,2.0,491.0,171.0,31.0,1407.0,30.0,41375.0,1284.0,15.0,521.0,54.0,3.0
2017-10-21,110.0,359.0,2207.0,14358.0,1419.0,38.0,,9084.0,20.0,12.0,3.0,35.0,135.0,16.0,61.0,244.0,4847.0,518.0,239.0,9.0,335.0,,4.0,39.0,113.0,15.0,2.0,603.0,32.0,116.0,62.0,37.0,224.0,115.0,26.0,52.0,2491.0,167.0,533.0,374.0,4899.0,2052.0,121.0,27.0,142.0,1812.0,8343.0,6.0,1259.0,26.0,2787.0,43.0,10585.0,72.0,1.0,1729.0,51.0,434.0,263.0,15.0,622.0,3.0,1059.0,3.0,97.0,55.0,230.0,146.0,570.0,5555.0,8.0,438.0,737.0,,2.0,401.0,135.0,21.0,1278.0,24.0,36954.0,849.0,13.0,374.0,59.0,6.0
2017-10-22,135.0,451.0,2505.0,13852.0,1465.0,26.0,,10121.0,16.0,10.0,2.0,36.0,110.0,18.0,137.0,202.0,5252.0,557.0,274.0,14.0,365.0,,1.0,34.0,117.0,15.0,5.0,600.0,25.0,160.0,77.0,33.0,275.0,143.0,42.0,49.0,2614.0,206.0,548.0,391.0,5611.0,2099.0,198.0,35.0,232.0,1794.0,9292.0,6.0,1175.0,28.0,2960.0,59.0,8413.0,79.0,1.0,1769.0,51.0,434.0,285.0,14.0,677.0,0.0,1149.0,0.0,9.0,62.0,243.0,169.0,592.0,5898.0,4.0,489.0,977.0,,1.0,488.0,142.0,28.0,1319.0,43.0,36791.0,903.0,7.0,414.0,72.0,0.0
2017-10-23,168.0,525.0,2784.0,16875.0,1834.0,61.0,,10666.0,24.0,20.0,9.0,46.0,164.0,27.0,85.0,296.0,6053.0,621.0,346.0,29.0,409.0,,6.0,54.0,153.0,33.0,9.0,731.0,52.0,187.0,73.0,26.0,305.0,256.0,35.0,68.0,3199.0,417.0,643.0,537.0,6166.0,2077.0,349.0,63.0,307.0,2137.0,10438.0,9.0,1507.0,56.0,3689.0,94.0,7822.0,80.0,1.0,1816.0,67.0,602.0,349.0,22.0,874.0,3.0,1460.0,1.0,7.0,111.0,246.0,216.0,616.0,6657.0,14.0,575.0,887.0,,1.0,588.0,170.0,40.0,1650.0,35.0,45287.0,1333.0,35.0,519.0,78.0,0.0
2017-10-24,154.0,524.0,2890.0,15064.0,1893.0,41.0,,10782.0,26.0,26.0,3.0,39.0,161.0,50.0,49.0,291.0,6169.0,611.0,374.0,27.0,437.0,,4.0,42.0,150.0,30.0,9.0,732.0,62.0,180.0,86.0,23.0,236.0,260.0,45.0,49.0,3187.0,460.0,639.0,477.0,6402.0,2135.0,407.0,55.0,261.0,1854.0,9660.0,5.0,1402.0,48.0,3695.0,76.0,7082.0,77.0,2.0,1731.0,67.0,748.0,370.0,15.0,896.0,10.0,1399.0,1.0,9.0,116.0,253.0,234.0,631.0,6133.0,16.0,624.0,787.0,1.0,2.0,593.0,197.0,44.0,1660.0,38.0,42329.0,1470.0,18.0,636.0,78.0,4.0
2017-10-25,148.0,593.0,3027.0,11951.0,1794.0,66.0,,10509.0,19.0,26.0,9.0,45.0,192.0,46.0,78.0,307.0,6168.0,658.0,356.0,49.0,407.0,,5.0,66.0,165.0,25.0,7.0,740.0,44.0,182.0,75.0,26.0,226.0,318.0,34.0,60.0,3188.0,424.0,630.0,441.0,6112.0,2044.0,385.0,59.0,331.0,2352.0,10152.0,10.0,1467.0,39.0,3557.0,108.0,7212.0,99.0,4.0,1679.0,81.0,674.0,385.0,19.0,902.0,3.0,1559.0,2.0,11.0,88.0,236.0,202.0,610.0,6600.0,16.0,545.0,738.0,2.0,0.0,578.0,211.0,38.0,1481.0,23.0,41260.0,1655.0,18.0,617.0,65.0,0.0
2017-10-26,141.0,508.0,2704.0,11847.0,1826.0,53.0,,10167.0,15.0,19.0,8.0,33.0,140.0,36.0,72.0,330.0,5872.0,564.0,321.0,53.0,494.0,,11.0,31.0,150.0,28.0,3.0,706.0,57.0,165.0,72.0,26.0,228.0,228.0,37.0,49.0,2961.0,381.0,545.0,383.0,6076.0,2062.0,351.0,59.0,301.0,1862.0,9466.0,6.0,1281.0,33.0,3744.0,73.0,7022.0,86.0,3.0,1694.0,63.0,658.0,365.0,11.0,811.0,3.0,1486.0,3.0,10.0,128.0,247.0,174.0,643.0,5649.0,10.0,539.0,675.0,,,527.0,149.0,35.0,1521.0,43.0,43060.0,1558.0,15.0,562.0,80.0,3.0
2017-10-27,152.0,423.0,2330.0,11766.0,1793.0,38.0,,10206.0,21.0,16.0,2.0,29.0,139.0,29.0,68.0,227.0,5290.0,558.0,281.0,19.0,379.0,,3.0,31.0,133.0,17.0,5.0,639.0,55.0,161.0,70.0,28.0,220.0,217.0,34.0,61.0,2584.0,271.0,558.0,348.0,5519.0,2018.0,319.0,37.0,159.0,1675.0,8328.0,7.0,1278.0,29.0,3320.0,90.0,6471.0,74.0,1.0,1566.0,66.0,503.0,314.0,22.0,714.0,1.0,1358.0,4.0,12.0,84.0,235.0,170.0,606.0,6295.0,6.0,511.0,678.0,,0.0,471.0,137.0,47.0,1292.0,31.0,39610.0,1394.0,26.0,531.0,75.0,4.0
2017-10-28,132.0,349.0,2027.0,11866.0,1583.0,27.0,,9301.0,10.0,18.0,3.0,37.0,103.0,22.0,55.0,196.0,4443.0,482.0,269.0,7.0,368.0,,7.0,36.0,100.0,23.0,7.0,567.0,33.0,148.0,93.0,41.0,222.0,146.0,33.0,43.0,2404.0,127.0,421.0,322.0,5189.0,1891.0,135.0,31.0,117.0,1521.0,8019.0,7.0,1031.0,15.0,2871.0,57.0,5356.0,71.0,3.0,1434.0,40.0,330.0,271.0,11.0,746.0,3.0,1170.0,2.0,7.0,74.0,224.0,141.0,553.0,5068.0,10.0,445.0,614.0,2.0,1.0,395.0,128.0,22.0,1144.0,29.0,35206.0,1281.0,7.0,323.0,71.0,3.0
2017-10-29,123.0,464.0,3478.0,12997.0,1618.0,41.0,,9724.0,14.0,27.0,5.0,31.0,118.0,25.0,35.0,194.0,5175.0,534.0,246.0,13.0,373.0,,7.0,43.0,114.0,11.0,7.0,582.0,45.0,149.0,61.0,31.0,203.0,156.0,23.0,48.0,2342.0,162.0,436.0,382.0,5714.0,2025.0,194.0,31.0,122.0,1556.0,8898.0,9.0,1239.0,21.0,2925.0,65.0,5907.0,73.0,5.0,1571.0,83.0,343.0,269.0,20.0,980.0,7.0,1274.0,4.0,14.0,95.0,211.0,219.0,501.0,5505.0,14.0,432.0,646.0,0.0,1.0,405.0,126.0,29.0,1388.0,27.0,34690.0,1143.0,17.0,380.0,95.0,3.0
2017-10-30,130.0,491.0,3547.0,11299.0,2032.0,58.0,,10203.0,21.0,21.0,4.0,43.0,182.0,53.0,69.0,270.0,5798.0,601.0,343.0,33.0,419.0,,18.0,53.0,168.0,24.0,3.0,653.0,52.0,172.0,71.0,30.0,185.0,346.0,40.0,48.0,2934.0,368.0,584.0,440.0,6774.0,2131.0,341.0,41.0,217.0,1729.0,9173.0,1.0,1353.0,38.0,3556.0,116.0,6557.0,80.0,1.0,1722.0,55.0,522.0,265.0,10.0,1096.0,9.0,1439.0,6.0,12.0,113.0,238.0,232.0,561.0,5808.0,17.0,509.0,711.0,,3.0,585.0,154.0,24.0,1495.0,19.0,39748.0,2254.0,26.0,536.0,74.0,2.0
2017-10-31,151.0,455.0,2898.0,11380.0,1947.0,51.0,,10526.0,28.0,16.0,4.0,39.0,163.0,47.0,57.0,235.0,5420.0,545.0,322.0,30.0,414.0,,10.0,48.0,161.0,19.0,7.0,677.0,74.0,176.0,64.0,30.0,187.0,348.0,42.0,45.0,2839.0,401.0,555.0,431.0,6216.0,1753.0,341.0,39.0,187.0,1501.0,8377.0,10.0,1382.0,42.0,3403.0,98.0,6486.0,93.0,3.0,1694.0,52.0,542.0,332.0,17.0,902.0,4.0,1345.0,1.0,9.0,91.0,253.0,194.0,512.0,4940.0,10.0,434.0,627.0,1.0,4.0,532.0,162.0,27.0,1443.0,33.0,39098.0,2215.0,12.0,465.0,85.0,2.0
2017-11-01,128.0,463.0,3072.0,12828.0,1876.0,44.0,,9814.0,16.0,25.0,7.0,38.0,155.0,45.0,53.0,244.0,5778.0,558.0,345.0,23.0,373.0,,7.0,37.0,159.0,25.0,3.0,650.0,58.0,160.0,83.0,46.0,209.0,253.0,38.0,49.0,2924.0,333.0,604.0,446.0,5831.0,1828.0,272.0,37.0,164.0,2354.0,9127.0,6.0,1356.0,37.0,3503.0,72.0,6084.0,108.0,2.0,1419.0,48.0,635.0,339.0,15.0,886.0,1.0,1363.0,3.0,8.0,84.0,197.0,196.0,542.0,5065.0,5.0,445.0,643.0,,1.0,527.0,178.0,21.0,1518.0,27.0,38332.0,2004.0,24.0,529.0,62.0,9.0
2017-11-02,132.0,546.0,2948.0,12506.0,1964.0,56.0,,11655.0,23.0,20.0,6.0,55.0,137.0,48.0,39.0,242.0,5890.0,711.0,307.0,30.0,428.0,,5.0,35.0,160.0,23.0,5.0,655.0,50.0,152.0,67.0,30.0,175.0,250.0,33.0,42.0,3117.0,343.0,568.0,375.0,5916.0,1931.0,309.0,41.0,189.0,2069.0,9220.0,10.0,1437.0,28.0,3824.0,86.0,6782.0,118.0,2.0,1658.0,50.0,710.0,289.0,10.0,950.0,5.0,1417.0,4.0,9.0,100.0,224.0,210.0,553.0,5377.0,12.0,473.0,609.0,,4.0,548.0,199.0,19.0,1389.0,36.0,41909.0,1888.0,37.0,604.0,73.0,5.0
2017-11-03,119.0,439.0,2536.0,14680.0,1811.0,52.0,,10045.0,22.0,24.0,5.0,52.0,133.0,33.0,42.0,250.0,5469.0,663.0,277.0,20.0,457.0,,17.0,49.0,139.0,24.0,15.0,674.0,48.0,166.0,57.0,23.0,212.0,270.0,50.0,41.0,3102.0,240.0,582.0,446.0,5343.0,1985.0,278.0,34.0,210.0,1800.0,8791.0,7.0,1487.0,31.0,3895.0,89.0,6454.0,93.0,1.0,1543.0,57.0,440.0,309.0,12.0,821.0,4.0,1239.0,3.0,11.0,95.0,217.0,189.0,516.0,5385.0,8.0,553.0,625.0,,2.0,483.0,165.0,23.0,1403.0,25.0,41601.0,2791.0,30.0,590.0,64.0,2.0
2017-11-04,125.0,403.0,2423.0,12217.0,1748.0,44.0,,8772.0,18.0,19.0,5.0,40.0,142.0,31.0,51.0,211.0,4955.0,694.0,248.0,9.0,385.0,,10.0,45.0,139.0,28.0,6.0,552.0,35.0,154.0,99.0,45.0,167.0,180.0,28.0,44.0,3166.0,142.0,494.0,333.0,5003.0,2277.0,115.0,27.0,170.0,1859.0,8263.0,14.0,1282.0,22.0,3617.0,58.0,5841.0,79.0,3.0,1461.0,43.0,363.0,316.0,14.0,608.0,7.0,1146.0,2.0,8.0,73.0,205.0,135.0,522.0,5097.0,19.0,457.0,671.0,,1.0,451.0,140.0,20.0,1264.0,36.0,34718.0,1648.0,14.0,391.0,61.0,3.0
2017-11-05,125.0,403.0,2592.0,15834.0,1792.0,36.0,,9903.0,3.0,12.0,5.0,43.0,147.0,33.0,49.0,237.0,5200.0,684.0,265.0,14.0,427.0,,8.0,39.0,127.0,17.0,10.0,574.0,28.0,152.0,67.0,36.0,178.0,113.0,38.0,50.0,2607.0,150.0,512.0,358.0,5512.0,2160.0,174.0,33.0,242.0,2038.0,8992.0,7.0,1330.0,19.0,3966.0,54.0,6502.0,76.0,2.0,1606.0,62.0,381.0,269.0,14.0,795.0,6.0,1210.0,1.0,10.0,71.0,260.0,175.0,516.0,5653.0,11.0,487.0,783.0,2.0,2.0,456.0,140.0,22.0,1417.0,26.0,36692.0,1350.0,14.0,400.0,84.0,2.0
2017-11-06,149.0,553.0,3008.0,13586.0,2296.0,57.0,,10816.0,21.0,15.0,7.0,43.0,176.0,56.0,80.0,281.0,6306.0,732.0,626.0,12.0,466.0,,9.0,41.0,178.0,25.0,10.0,710.0,45.0,209.0,96.0,31.0,218.0,248.0,38.0,55.0,3235.0,347.0,621.0,438.0,6416.0,2108.0,415.0,47.0,193.0,2315.0,9351.0,6.0,1530.0,42.0,4475.0,84.0,6816.0,109.0,3.0,1943.0,46.0,463.0,316.0,21.0,998.0,4.0,1533.0,5.0,8.0,81.0,229.0,218.0,618.0,6315.0,7.0,543.0,702.0,2.0,6.0,584.0,190.0,36.0,1603.0,21.0,42683.0,1609.0,57.0,550.0,54.0,1.0
2017-11-07,184.0,511.0,3170.0,12132.0,2452.0,95.0,,10990.0,19.0,18.0,5.0,41.0,165.0,65.0,83.0,328.0,6437.0,721.0,610.0,22.0,465.0,,9.0,68.0,197.0,22.0,5.0,828.0,53.0,185.0,90.0,65.0,197.0,307.0,47.0,62.0,3506.0,282.0,676.0,441.0,6757.0,2007.0,399.0,55.0,239.0,1996.0,8692.0,10.0,1539.0,35.0,4376.0,84.0,7019.0,88.0,2.0,1627.0,47.0,637.0,295.0,21.0,863.0,7.0,1546.0,4.0,9.0,79.0,184.0,206.0,609.0,7044.0,24.0,457.0,707.0,,,548.0,202.0,32.0,1608.0,31.0,41859.0,1565.0,23.0,563.0,114.0,2.0
2017-11-08,232.0,519.0,2935.0,12846.0,2242.0,128.0,,11220.0,25.0,33.0,3.0,43.0,176.0,45.0,54.0,575.0,6303.0,826.0,507.0,23.0,498.0,,19.0,43.0,287.0,23.0,10.0,955.0,60.0,224.0,79.0,35.0,159.0,279.0,43.0,62.0,3317.0,349.0,1174.0,547.0,6876.0,1921.0,505.0,45.0,850.0,2846.0,8694.0,16.0,1604.0,44.0,4146.0,71.0,7413.0,106.0,2.0,1538.0,67.0,586.0,358.0,20.0,863.0,6.0,1538.0,4.0,15.0,80.0,199.0,247.0,645.0,5539.0,15.0,469.0,624.0,,2.0,580.0,200.0,40.0,1603.0,31.0,45792.0,1888.0,32.0,611.0,69.0,2.0
2017-11-09,190.0,507.0,2771.0,13457.0,2264.0,74.0,,10328.0,24.0,25.0,10.0,16.0,141.0,42.0,62.0,467.0,6074.0,727.0,411.0,20.0,418.0,,7.0,61.0,217.0,21.0,11.0,746.0,68.0,166.0,81.0,33.0,203.0,303.0,45.0,38.0,3117.0,307.0,686.0,479.0,6641.0,2037.0,351.0,34.0,267.0,2407.0,8650.0,6.0,1483.0,43.0,3885.0,119.0,6816.0,104.0,0.0,1751.0,51.0,523.0,372.0,19.0,901.0,2.0,1574.0,8.0,8.0,79.0,214.0,198.0,606.0,5402.0,6.0,494.0,684.0,,0.0,459.0,135.0,31.0,1473.0,37.0,42658.0,1900.0,24.0,566.0,62.0,2.0
2017-11-10,130.0,470.0,2518.0,13290.0,1972.0,84.0,,9765.0,14.0,15.0,4.0,34.0,158.0,40.0,47.0,251.0,5537.0,629.0,309.0,20.0,378.0,,0.0,54.0,151.0,19.0,4.0,692.0,48.0,167.0,79.0,27.0,189.0,228.0,33.0,49.0,2724.0,226.0,526.0,369.0,5590.0,1963.0,209.0,42.0,223.0,2109.0,8659.0,7.0,1327.0,26.0,3685.0,51.0,5882.0,109.0,5.0,1473.0,56.0,533.0,278.0,12.0,691.0,1.0,1220.0,,9.0,90.0,242.0,196.0,514.0,4957.0,13.0,523.0,667.0,,,478.0,149.0,24.0,1282.0,34.0,40063.0,1335.0,14.0,450.0,58.0,1.0
2017-11-11,166.0,379.0,2385.0,18038.0,1730.0,47.0,,8964.0,10.0,5.0,5.0,30.0,106.0,26.0,65.0,230.0,4957.0,653.0,219.0,22.0,302.0,,4.0,43.0,109.0,23.0,4.0,622.0,41.0,149.0,61.0,29.0,166.0,160.0,27.0,46.0,2643.0,180.0,536.0,393.0,5113.0,1977.0,121.0,34.0,232.0,1748.0,7755.0,5.0,1260.0,20.0,3563.0,66.0,5198.0,70.0,2.0,1272.0,46.0,399.0,318.0,12.0,606.0,2.0,1128.0,2.0,3.0,64.0,201.0,191.0,452.0,4794.0,7.0,442.0,726.0,1.0,4.0,443.0,123.0,29.0,1308.0,18.0,33696.0,961.0,17.0,310.0,89.0,0.0
2017-11-12,126.0,510.0,2624.0,17305.0,1859.0,35.0,,10186.0,15.0,7.0,3.0,26.0,123.0,23.0,46.0,277.0,5348.0,658.0,332.0,18.0,368.0,,2.0,32.0,167.0,32.0,9.0,645.0,47.0,184.0,65.0,40.0,180.0,109.0,35.0,52.0,2708.0,160.0,597.0,428.0,6291.0,2017.0,144.0,33.0,227.0,1930.0,8999.0,8.0,1324.0,26.0,3536.0,85.0,5790.0,64.0,1.0,1593.0,63.0,396.0,299.0,10.0,664.0,3.0,1275.0,3.0,4.0,98.0,237.0,182.0,519.0,5211.0,5.0,505.0,756.0,,3.0,434.0,122.0,29.0,1377.0,22.0,36447.0,1068.0,21.0,406.0,86.0,0.0
2017-11-13,150.0,505.0,3021.0,40379.0,2345.0,46.0,,11063.0,26.0,22.0,0.0,34.0,159.0,40.0,59.0,339.0,6164.0,846.0,379.0,33.0,450.0,,7.0,47.0,202.0,22.0,6.0,836.0,53.0,227.0,72.0,32.0,236.0,229.0,55.0,45.0,3160.0,346.0,701.0,582.0,6448.0,2239.0,318.0,58.0,268.0,2096.0,9097.0,10.0,2164.0,38.0,4360.0,133.0,6929.0,123.0,1.0,1589.0,55.0,493.0,488.0,15.0,826.0,2.0,1501.0,4.0,15.0,135.0,237.0,225.0,610.0,6547.0,12.0,517.0,824.0,,2.0,603.0,185.0,36.0,1731.0,36.0,41964.0,1625.0,35.0,612.0,76.0,3.0
2017-11-14,165.0,516.0,3276.0,14886.0,2296.0,57.0,,11416.0,33.0,20.0,11.0,48.0,167.0,55.0,52.0,288.0,6266.0,811.0,431.0,19.0,442.0,,9.0,63.0,182.0,21.0,8.0,1037.0,43.0,176.0,79.0,50.0,243.0,369.0,49.0,59.0,3195.0,295.0,666.0,474.0,6775.0,2039.0,329.0,38.0,199.0,1916.0,9096.0,16.0,1835.0,45.0,4063.0,134.0,7091.0,107.0,7.0,1785.0,67.0,506.0,359.0,22.0,930.0,7.0,1567.0,7.0,12.0,128.0,209.0,249.0,569.0,5979.0,17.0,526.0,792.0,,2.0,612.0,189.0,35.0,1704.0,36.0,42449.0,2452.0,24.0,600.0,85.0,1.0
2017-11-15,177.0,599.0,3045.0,14096.0,2315.0,41.0,,12685.0,26.0,30.0,7.0,37.0,195.0,30.0,58.0,303.0,5811.0,958.0,389.0,22.0,471.0,,14.0,61.0,198.0,14.0,6.0,1028.0,53.0,192.0,88.0,39.0,241.0,261.0,55.0,54.0,3511.0,370.0,602.0,411.0,6669.0,1989.0,324.0,42.0,192.0,2960.0,8815.0,7.0,1931.0,58.0,4011.0,144.0,7776.0,97.0,5.0,1728.0,78.0,528.0,338.0,14.0,938.0,3.0,1651.0,5.0,13.0,146.0,204.0,226.0,611.0,5684.0,8.0,500.0,737.0,,1.0,589.0,200.0,29.0,1573.0,35.0,42986.0,2199.0,18.0,607.0,70.0,3.0
2017-11-16,190.0,526.0,2923.0,13230.0,2128.0,51.0,,10604.0,11.0,34.0,2.0,37.0,183.0,47.0,59.0,305.0,6007.0,724.0,389.0,29.0,427.0,,17.0,65.0,169.0,20.0,5.0,1003.0,61.0,186.0,89.0,61.0,238.0,276.0,50.0,50.0,3193.0,343.0,568.0,460.0,6597.0,2094.0,345.0,54.0,190.0,2716.0,8780.0,4.0,1788.0,57.0,3855.0,126.0,6856.0,82.0,2.0,1642.0,50.0,611.0,304.0,20.0,861.0,4.0,1586.0,3.0,10.0,110.0,237.0,245.0,522.0,5594.0,19.0,474.0,690.0,1.0,3.0,563.0,270.0,28.0,1753.0,28.0,43445.0,1837.0,23.0,652.0,73.0,3.0
2017-11-17,212.0,449.0,2746.0,14112.0,2053.0,49.0,,9772.0,16.0,24.0,3.0,26.0,171.0,38.0,40.0,243.0,5579.0,762.0,315.0,26.0,330.0,,5.0,46.0,187.0,31.0,5.0,710.0,46.0,142.0,63.0,38.0,176.0,247.0,49.0,46.0,3074.0,258.0,465.0,398.0,5832.0,2153.0,265.0,53.0,166.0,2239.0,8211.0,18.0,1619.0,28.0,3468.0,84.0,6424.0,92.0,1.0,1630.0,50.0,550.0,285.0,19.0,798.0,6.0,1310.0,4.0,10.0,125.0,205.0,184.0,550.0,5103.0,11.0,508.0,696.0,1.0,4.0,529.0,178.0,25.0,1453.0,17.0,40541.0,1481.0,18.0,580.0,52.0,2.0
2017-11-18,120.0,363.0,2597.0,12966.0,1745.0,28.0,,9072.0,14.0,18.0,3.0,39.0,129.0,36.0,49.0,204.0,4537.0,693.0,389.0,22.0,281.0,,3.0,60.0,175.0,14.0,12.0,571.0,39.0,141.0,76.0,38.0,196.0,135.0,33.0,39.0,2618.0,100.0,456.0,379.0,5179.0,1995.0,89.0,29.0,179.0,2394.0,9081.0,9.0,1399.0,34.0,3000.0,41.0,5653.0,64.0,4.0,1441.0,48.0,343.0,287.0,18.0,602.0,3.0,1109.0,6.0,17.0,56.0,227.0,167.0,436.0,4703.0,6.0,433.0,623.0,1.0,8.0,484.0,174.0,24.0,1312.0,20.0,33709.0,980.0,13.0,420.0,65.0,1.0
2017-11-19,142.0,432.0,2776.0,13910.0,1983.0,30.0,,11411.0,14.0,6.0,4.0,28.0,109.0,30.0,38.0,174.0,5342.0,659.0,357.0,14.0,348.0,,2.0,53.0,165.0,14.0,3.0,644.0,30.0,158.0,63.0,43.0,192.0,143.0,29.0,58.0,2625.0,146.0,508.0,346.0,6138.0,2147.0,129.0,37.0,197.0,2067.0,9699.0,18.0,1366.0,29.0,3156.0,87.0,5701.0,77.0,3.0,2797.0,58.0,452.0,264.0,40.0,742.0,6.0,1415.0,3.0,19.0,58.0,206.0,172.0,665.0,5224.0,17.0,501.0,680.0,2.0,1.0,422.0,131.0,37.0,1354.0,39.0,36522.0,1022.0,13.0,379.0,96.0,4.0
2017-11-20,189.0,574.0,2988.0,16088.0,2275.0,43.0,,11480.0,22.0,21.0,9.0,49.0,154.0,47.0,110.0,255.0,6060.0,679.0,427.0,15.0,452.0,,4.0,55.0,172.0,27.0,3.0,650.0,42.0,184.0,76.0,33.0,189.0,264.0,69.0,45.0,3101.0,284.0,705.0,517.0,6750.0,2530.0,256.0,30.0,225.0,3676.0,10720.0,12.0,1872.0,29.0,3827.0,58.0,6192.0,84.0,1.0,2063.0,43.0,569.0,352.0,21.0,856.0,3.0,1448.0,6.0,12.0,94.0,212.0,193.0,847.0,5559.0,17.0,571.0,733.0,1.0,8.0,581.0,369.0,42.0,1570.0,36.0,42284.0,1631.0,23.0,509.0,75.0,3.0
2017-11-21,167.0,476.0,2921.0,12727.0,2390.0,43.0,,10382.0,20.0,17.0,2.0,33.0,149.0,49.0,68.0,279.0,6989.0,701.0,391.0,310.0,474.0,,12.0,52.0,186.0,19.0,4.0,713.0,58.0,185.0,78.0,38.0,162.0,279.0,54.0,57.0,3200.0,267.0,596.0,437.0,6864.0,2106.0,257.0,43.0,215.0,2404.0,9309.0,10.0,1926.0,37.0,3627.0,74.0,6411.0,70.0,4.0,1650.0,50.0,553.0,320.0,27.0,874.0,5.0,1454.0,7.0,9.0,119.0,202.0,204.0,630.0,5432.0,9.0,575.0,739.0,,2.0,569.0,192.0,35.0,1659.0,28.0,42514.0,1761.0,15.0,470.0,59.0,0.0
2017-11-22,169.0,490.0,2893.0,12305.0,3897.0,44.0,,9950.0,13.0,33.0,5.0,46.0,149.0,82.0,94.0,210.0,5593.0,693.0,435.0,69.0,406.0,,14.0,99.0,159.0,25.0,8.0,603.0,61.0,183.0,74.0,57.0,199.0,250.0,55.0,51.0,3106.0,169.0,567.0,392.0,7583.0,1886.0,126.0,33.0,176.0,2107.0,9509.0,23.0,1462.0,40.0,3548.0,57.0,6394.0,113.0,2.0,1466.0,36.0,501.0,280.0,23.0,798.0,16.0,1373.0,3.0,16.0,93.0,235.0,184.0,656.0,5109.0,26.0,507.0,1330.0,0.0,0.0,572.0,161.0,32.0,1496.0,28.0,41023.0,1237.0,16.0,499.0,64.0,2.0
2017-11-23,137.0,462.0,2575.0,11367.0,1940.0,37.0,,11184.0,21.0,18.0,3.0,38.0,80.0,40.0,49.0,189.0,5316.0,631.0,289.0,16.0,390.0,,2.0,41.0,153.0,18.0,10.0,538.0,41.0,169.0,56.0,35.0,171.0,175.0,46.0,50.0,2700.0,128.0,443.0,313.0,6316.0,2028.0,104.0,32.0,159.0,2009.0,9158.0,4.0,1275.0,15.0,3101.0,52.0,23017.0,64.0,5.0,1460.0,46.0,480.0,244.0,15.0,663.0,3.0,1141.0,3.0,5.0,69.0,193.0,180.0,622.0,6020.0,5.0,404.0,773.0,,,476.0,145.0,39.0,1321.0,36.0,47923.0,814.0,15.0,438.0,56.0,6.0
2017-11-24,159.0,388.0,2356.0,11541.0,1788.0,21.0,,9193.0,18.0,12.0,5.0,30.0,87.0,31.0,55.0,133.0,4949.0,595.0,244.0,14.0,331.0,,5.0,36.0,137.0,16.0,9.0,462.0,31.0,140.0,52.0,45.0,188.0,214.0,33.0,42.0,2615.0,86.0,479.0,329.0,5887.0,1874.0,104.0,24.0,148.0,2031.0,8034.0,7.0,1254.0,15.0,2914.0,95.0,5530.0,59.0,0.0,1350.0,53.0,416.0,226.0,18.0,630.0,3.0,1070.0,5.0,5.0,138.0,223.0,172.0,684.0,4944.0,11.0,403.0,695.0,,,437.0,162.0,30.0,1328.0,19.0,37187.0,873.0,4.0,327.0,82.0,3.0
2017-11-25,153.0,394.0,2371.0,13577.0,1801.0,36.0,,9216.0,24.0,17.0,4.0,34.0,105.0,38.0,309.0,153.0,4723.0,737.0,247.0,15.0,342.0,,3.0,41.0,145.0,16.0,6.0,533.0,37.0,140.0,70.0,24.0,213.0,151.0,23.0,46.0,2301.0,90.0,489.0,391.0,5569.0,2101.0,107.0,22.0,132.0,2018.0,8490.0,6.0,1329.0,14.0,2911.0,60.0,5103.0,61.0,2.0,1583.0,33.0,474.0,262.0,11.0,546.0,4.0,1054.0,1.0,7.0,187.0,198.0,178.0,618.0,5026.0,12.0,432.0,901.0,,2.0,395.0,146.0,38.0,4205.0,21.0,71576.0,941.0,12.0,306.0,85.0,1.0
2017-11-26,188.0,415.0,2608.0,14089.0,1812.0,41.0,,10629.0,17.0,12.0,4.0,46.0,137.0,33.0,57.0,183.0,5167.0,719.0,314.0,24.0,342.0,,4.0,51.0,147.0,14.0,4.0,590.0,37.0,156.0,62.0,34.0,211.0,152.0,39.0,46.0,2479.0,174.0,487.0,358.0,6360.0,2215.0,130.0,28.0,133.0,2056.0,9381.0,11.0,1326.0,18.0,3017.0,87.0,5934.0,82.0,4.0,2078.0,42.0,475.0,283.0,14.0,591.0,5.0,1186.0,3.0,13.0,133.0,199.0,197.0,555.0,5681.0,13.0,481.0,864.0,,2.0,467.0,175.0,26.0,3249.0,36.0,41124.0,1162.0,24.0,441.0,80.0,0.0
2017-11-27,231.0,621.0,2995.0,12523.0,2161.0,58.0,,11418.0,27.0,30.0,5.0,46.0,144.0,53.0,56.0,311.0,6043.0,791.0,411.0,26.0,405.0,,7.0,55.0,178.0,17.0,15.0,654.0,74.0,185.0,93.0,35.0,178.0,290.0,57.0,56.0,3097.0,272.0,540.0,402.0,7434.0,2154.0,272.0,52.0,171.0,2206.0,11076.0,8.0,1504.0,33.0,3631.0,131.0,6295.0,121.0,,1833.0,52.0,510.0,281.0,25.0,858.0,4.0,1631.0,4.0,10.0,148.0,264.0,207.0,698.0,5830.0,12.0,552.0,787.0,0.0,1.0,494.0,248.0,42.0,5259.0,32.0,43873.0,1485.0,30.0,571.0,63.0,2.0
2017-11-28,205.0,555.0,2986.0,11783.0,2073.0,52.0,,11919.0,28.0,33.0,6.0,44.0,152.0,35.0,73.0,328.0,6183.0,787.0,409.0,44.0,464.0,,16.0,45.0,179.0,17.0,15.0,699.0,71.0,159.0,100.0,16.0,177.0,333.0,58.0,51.0,3325.0,351.0,525.0,396.0,8302.0,2080.0,312.0,71.0,172.0,1945.0,10063.0,13.0,1624.0,46.0,3307.0,142.0,7111.0,119.0,3.0,1645.0,58.0,562.0,298.0,20.0,873.0,5.0,1560.0,6.0,9.0,158.0,200.0,232.0,575.0,5602.0,17.0,495.0,711.0,,,594.0,256.0,35.0,3271.0,24.0,42562.0,1687.0,30.0,645.0,82.0,2.0
2017-11-29,224.0,503.0,2816.0,12332.0,2014.0,61.0,,10917.0,15.0,26.0,10.0,31.0,154.0,63.0,70.0,279.0,6197.0,744.0,369.0,28.0,378.0,,6.0,47.0,199.0,14.0,13.0,704.0,49.0,149.0,70.0,26.0,193.0,288.0,59.0,58.0,3049.0,306.0,504.0,370.0,9114.0,1975.0,286.0,40.0,186.0,1924.0,9386.0,7.0,1580.0,38.0,3274.0,236.0,7133.0,111.0,4.0,1517.0,61.0,536.0,266.0,8.0,833.0,3.0,1500.0,4.0,9.0,142.0,195.0,318.0,768.0,5383.0,16.0,491.0,693.0,,0.0,555.0,189.0,31.0,2035.0,39.0,42088.0,1712.0,18.0,596.0,89.0,1.0
2017-11-30,210.0,459.0,2847.0,13677.0,1925.0,54.0,,9893.0,27.0,25.0,6.0,38.0,173.0,65.0,68.0,345.0,5851.0,736.0,355.0,33.0,398.0,,11.0,37.0,188.0,16.0,14.0,624.0,62.0,152.0,74.0,37.0,179.0,264.0,52.0,43.0,2825.0,352.0,513.0,412.0,12648.0,2037.0,294.0,41.0,157.0,2018.0,9186.0,9.0,1771.0,46.0,3797.0,170.0,6592.0,104.0,3.0,1584.0,68.0,606.0,259.0,8.0,766.0,5.0,1465.0,2.0,11.0,137.0,201.0,244.0,626.0,6072.0,4.0,517.0,598.0,,3.0,558.0,189.0,19.0,1771.0,24.0,41073.0,1609.0,44.0,574.0,55.0,1.0
2017-12-01,214.0,394.0,2566.0,13816.0,1774.0,47.0,,9669.0,18.0,26.0,9.0,31.0,140.0,42.0,54.0,250.0,5186.0,643.0,320.0,29.0,317.0,,21.0,43.0,175.0,20.0,16.0,577.0,48.0,131.0,71.0,41.0,187.0,203.0,39.0,43.0,2673.0,300.0,568.0,394.0,18765.0,1871.0,249.0,46.0,209.0,1641.0,8263.0,8.0,1574.0,40.0,2843.0,123.0,5833.0,94.0,2.0,1591.0,51.0,416.0,283.0,9.0,672.0,6.0,1257.0,8.0,10.0,177.0,234.0,230.0,587.0,5758.0,11.0,469.0,568.0,1.0,3.0,490.0,144.0,105.0,1654.0,42.0,41564.0,1896.0,30.0,472.0,54.0,5.0
2017-12-02,175.0,344.0,2244.0,18062.0,1517.0,35.0,,8574.0,10.0,21.0,1.0,23.0,119.0,24.0,61.0,224.0,4532.0,596.0,299.0,20.0,273.0,,7.0,37.0,97.0,32.0,4.0,506.0,30.0,113.0,57.0,33.0,170.0,155.0,31.0,49.0,2320.0,113.0,492.0,344.0,9839.0,1870.0,169.0,21.0,170.0,1282.0,7551.0,8.0,1244.0,23.0,2476.0,60.0,5206.0,68.0,5.0,1381.0,59.0,379.0,220.0,10.0,622.0,5.0,1090.0,,9.0,106.0,211.0,194.0,607.0,4960.0,12.0,387.0,596.0,,2.0,402.0,91.0,87.0,1301.0,34.0,32949.0,1273.0,17.0,422.0,54.0,0.0
2017-12-03,158.0,413.0,2645.0,17385.0,1731.0,42.0,,8734.0,13.0,11.0,12.0,31.0,135.0,34.0,60.0,245.0,4890.0,649.0,311.0,14.0,621.0,,7.0,40.0,159.0,23.0,18.0,517.0,42.0,149.0,108.0,43.0,122.0,174.0,49.0,48.0,2535.0,150.0,540.0,371.0,8030.0,1976.0,182.0,30.0,135.0,1499.0,8580.0,7.0,1284.0,21.0,2735.0,81.0,5442.0,89.0,2.0,1593.0,88.0,401.0,293.0,23.0,795.0,2.0,1156.0,2.0,9.0,152.0,224.0,201.0,702.0,5233.0,14.0,455.0,659.0,,1.0,413.0,110.0,45.0,1569.0,28.0,34796.0,1331.0,14.0,420.0,68.0,4.0
2017-12-04,230.0,494.0,2962.0,13643.0,2009.0,51.0,,10686.0,26.0,25.0,8.0,40.0,159.0,40.0,52.0,366.0,5734.0,687.0,371.0,17.0,357.0,,16.0,47.0,184.0,13.0,11.0,669.0,50.0,135.0,76.0,38.0,179.0,256.0,64.0,50.0,3007.0,336.0,553.0,428.0,8100.0,2000.0,283.0,47.0,163.0,1463.0,9071.0,6.0,1570.0,39.0,3405.0,147.0,6355.0,120.0,2.0,1705.0,88.0,453.0,333.0,10.0,876.0,4.0,1469.0,3.0,7.0,296.0,203.0,232.0,679.0,5863.0,10.0,510.0,756.0,1.0,0.0,522.0,202.0,47.0,2205.0,30.0,42991.0,1958.0,28.0,596.0,57.0,0.0
2017-12-05,183.0,520.0,2954.0,13122.0,2056.0,52.0,,11010.0,25.0,21.0,6.0,30.0,158.0,65.0,54.0,317.0,5659.0,657.0,421.0,35.0,367.0,,10.0,47.0,178.0,9.0,9.0,640.0,55.0,201.0,83.0,35.0,193.0,301.0,41.0,48.0,3037.0,339.0,609.0,394.0,7652.0,3894.0,349.0,55.0,174.0,1438.0,9700.0,1.0,1635.0,50.0,3469.0,145.0,7044.0,93.0,6.0,1581.0,77.0,529.0,311.0,23.0,845.0,8.0,1429.0,4.0,14.0,213.0,207.0,247.0,665.0,5422.0,4.0,864.0,794.0,,1.0,539.0,173.0,24.0,2107.0,30.0,42251.0,1977.0,29.0,650.0,79.0,8.0
2017-12-06,220.0,487.0,2826.0,12053.0,2025.0,43.0,,13183.0,20.0,16.0,4.0,25.0,154.0,52.0,54.0,323.0,5647.0,627.0,347.0,32.0,369.0,,7.0,56.0,239.0,14.0,5.0,667.0,60.0,165.0,91.0,25.0,210.0,304.0,40.0,52.0,3024.0,297.0,599.0,440.0,7387.0,2181.0,375.0,50.0,173.0,1524.0,11227.0,5.0,1499.0,44.0,3244.0,181.0,6686.0,101.0,2.0,1518.0,110.0,510.0,286.0,15.0,831.0,2.0,1417.0,5.0,9.0,244.0,209.0,234.0,914.0,5499.0,13.0,923.0,744.0,,7.0,550.0,144.0,37.0,4337.0,31.0,41238.0,1730.0,22.0,626.0,59.0,2.0
2017-12-07,228.0,503.0,2937.0,12277.0,1888.0,58.0,,13050.0,25.0,20.0,9.0,33.0,170.0,54.0,54.0,345.0,5578.0,695.0,293.0,29.0,384.0,,16.0,60.0,214.0,13.0,8.0,651.0,77.0,196.0,89.0,33.0,206.0,230.0,41.0,58.0,3214.0,386.0,621.0,397.0,7124.0,2079.0,378.0,45.0,176.0,1473.0,13023.0,5.0,1419.0,44.0,3243.0,152.0,6993.0,82.0,2.0,1602.0,112.0,488.0,289.0,19.0,855.0,5.0,1449.0,2.0,9.0,249.0,229.0,505.0,1090.0,6127.0,17.0,1007.0,688.0,2.0,,534.0,230.0,29.0,3085.0,25.0,41276.0,1730.0,29.0,714.0,103.0,2.0
2017-12-08,185.0,450.0,3813.0,13567.0,1838.0,54.0,,12128.0,12.0,20.0,4.0,34.0,143.0,44.0,63.0,334.0,5056.0,572.0,274.0,15.0,362.0,,7.0,65.0,181.0,13.0,9.0,536.0,59.0,185.0,81.0,42.0,226.0,225.0,35.0,43.0,2787.0,274.0,549.0,368.0,6037.0,1978.0,309.0,38.0,234.0,1491.0,10403.0,11.0,1193.0,42.0,2869.0,195.0,5908.0,93.0,2.0,1495.0,154.0,407.0,360.0,19.0,799.0,8.0,1187.0,3.0,7.0,317.0,181.0,361.0,2179.0,5246.0,14.0,927.0,717.0,1.0,1.0,424.0,185.0,27.0,2090.0,23.0,38713.0,1557.0,15.0,664.0,71.0,3.0
2017-12-09,174.0,312.0,2512.0,13415.0,1655.0,38.0,,10513.0,23.0,16.0,3.0,22.0,110.0,37.0,40.0,202.0,4431.0,538.0,253.0,32.0,291.0,,1.0,44.0,141.0,22.0,15.0,492.0,41.0,147.0,81.0,34.0,183.0,157.0,47.0,56.0,2503.0,220.0,534.0,379.0,5460.0,1979.0,150.0,34.0,217.0,1400.0,9293.0,8.0,1199.0,66.0,2878.0,66.0,5002.0,71.0,6.0,1477.0,164.0,298.0,279.0,3.0,664.0,3.0,1113.0,4.0,8.0,163.0,177.0,441.0,946.0,5537.0,11.0,642.0,553.0,,2.0,428.0,124.0,17.0,1654.0,25.0,36216.0,913.0,17.0,420.0,57.0,2.0
2017-12-10,212.0,428.0,2697.0,16650.0,1768.0,44.0,,11345.0,21.0,11.0,4.0,40.0,91.0,35.0,57.0,222.0,5149.0,661.0,271.0,18.0,325.0,,7.0,47.0,136.0,21.0,9.0,494.0,30.0,170.0,76.0,31.0,185.0,408.0,35.0,55.0,2613.0,203.0,746.0,490.0,6211.0,2176.0,154.0,51.0,151.0,1439.0,9841.0,4.0,1163.0,19.0,3034.0,108.0,5298.0,78.0,1.0,2046.0,164.0,1253.0,324.0,21.0,762.0,6.0,1154.0,4.0,18.0,118.0,196.0,253.0,678.0,5989.0,12.0,595.0,681.0,1.0,2.0,381.0,154.0,27.0,1806.0,30.0,36423.0,1112.0,13.0,457.0,83.0,2.0
2017-12-11,228.0,444.0,2800.0,14106.0,2621.0,50.0,,12268.0,29.0,25.0,10.0,46.0,121.0,33.0,43.0,324.0,5897.0,650.0,423.0,29.0,381.0,,7.0,50.0,182.0,27.0,14.0,615.0,61.0,168.0,83.0,39.0,201.0,272.0,47.0,48.0,3067.0,388.0,1526.0,737.0,6808.0,2271.0,331.0,42.0,198.0,1403.0,9806.0,7.0,1600.0,40.0,3404.0,166.0,6162.0,86.0,3.0,1752.0,185.0,1689.0,578.0,17.0,919.0,5.0,1371.0,2.0,16.0,159.0,221.0,233.0,808.0,5977.0,35.0,649.0,788.0,,5.0,538.0,271.0,31.0,1943.0,40.0,42643.0,1613.0,15.0,591.0,60.0,6.0
2017-12-12,276.0,542.0,2851.0,14313.0,2053.0,118.0,,11777.0,29.0,26.0,10.0,50.0,177.0,50.0,47.0,360.0,5697.0,789.0,359.0,26.0,377.0,,18.0,36.0,141.0,30.0,14.0,594.0,38.0,142.0,69.0,46.0,195.0,274.0,52.0,56.0,3038.0,400.0,943.0,617.0,6650.0,2140.0,380.0,64.0,297.0,1527.0,8886.0,10.0,1377.0,53.0,3586.0,210.0,6306.0,93.0,3.0,1749.0,163.0,670.0,433.0,12.0,885.0,2.0,1353.0,3.0,14.0,132.0,249.0,226.0,654.0,10481.0,15.0,524.0,662.0,,2.0,549.0,244.0,60.0,1740.0,156.0,40667.0,1723.0,23.0,670.0,71.0,1.0
2017-12-13,266.0,429.0,2563.0,13521.0,2072.0,71.0,,11325.0,26.0,24.0,7.0,37.0,157.0,49.0,52.0,381.0,5155.0,650.0,340.0,15.0,334.0,,7.0,49.0,160.0,16.0,11.0,687.0,55.0,164.0,64.0,21.0,173.0,240.0,40.0,45.0,2873.0,328.0,1031.0,614.0,6195.0,2108.0,402.0,30.0,271.0,1570.0,8643.0,10.0,1372.0,32.0,3439.0,141.0,6076.0,94.0,3.0,1721.0,124.0,543.0,467.0,20.0,872.0,6.0,1329.0,3.0,9.0,197.0,188.0,223.0,587.0,7262.0,14.0,514.0,637.0,1.0,3.0,544.0,213.0,51.0,1642.0,97.0,44721.0,2073.0,14.0,684.0,57.0,2.0
2017-12-14,230.0,410.0,2493.0,15591.0,1959.0,62.0,,10262.0,12.0,30.0,5.0,25.0,101.0,40.0,52.0,370.0,5554.0,654.0,342.0,18.0,302.0,,9.0,50.0,154.0,21.0,12.0,559.0,40.0,121.0,73.0,36.0,165.0,324.0,45.0,40.0,3175.0,367.0,710.0,533.0,6093.0,1987.0,478.0,49.0,233.0,1398.0,8562.0,8.0,1380.0,39.0,3733.0,141.0,6212.0,95.0,1.0,1507.0,123.0,489.0,381.0,17.0,857.0,1.0,1323.0,5.0,18.0,172.0,198.0,215.0,645.0,5968.0,7.0,487.0,608.0,1.0,1.0,488.0,205.0,44.0,1616.0,81.0,42302.0,1920.0,16.0,772.0,67.0,1.0
2017-12-15,221.0,379.0,2345.0,16327.0,1833.0,66.0,,10150.0,22.0,29.0,4.0,32.0,115.0,31.0,49.0,395.0,4884.0,730.0,240.0,22.0,347.0,,10.0,44.0,138.0,32.0,7.0,514.0,51.0,173.0,78.0,35.0,168.0,316.0,26.0,51.0,2750.0,273.0,778.0,491.0,5447.0,1950.0,392.0,31.0,248.0,1290.0,8250.0,12.0,1380.0,38.0,3124.0,179.0,5436.0,92.0,1.0,1674.0,103.0,462.0,319.0,13.0,737.0,5.0,1157.0,4.0,15.0,141.0,163.0,173.0,574.0,5632.0,24.0,468.0,617.0,,3.0,384.0,184.0,37.0,1704.0,51.0,39797.0,1900.0,13.0,760.0,64.0,1.0
2017-12-16,194.0,319.0,2102.0,15862.0,1602.0,31.0,,8911.0,26.0,40.0,4.0,26.0,98.0,24.0,37.0,224.0,4169.0,645.0,207.0,18.0,312.0,,4.0,28.0,118.0,29.0,6.0,422.0,19.0,138.0,58.0,31.0,178.0,167.0,32.0,36.0,2451.0,153.0,495.0,408.0,4495.0,1970.0,161.0,27.0,187.0,1242.0,7642.0,5.0,1100.0,13.0,2792.0,72.0,4759.0,63.0,0.0,1420.0,75.0,436.0,257.0,12.0,613.0,4.0,879.0,2.0,13.0,267.0,180.0,157.0,516.0,5328.0,6.0,497.0,549.0,1.0,3.0,380.0,124.0,40.0,1321.0,51.0,32930.0,1311.0,7.0,378.0,60.0,1.0
2017-12-17,218.0,358.0,2340.0,17549.0,1730.0,44.0,,9748.0,16.0,13.0,3.0,27.0,103.0,25.0,39.0,214.0,4129.0,627.0,236.0,17.0,308.0,,2.0,50.0,121.0,23.0,4.0,476.0,23.0,154.0,75.0,35.0,178.0,169.0,31.0,47.0,2467.0,153.0,583.0,423.0,5189.0,2125.0,162.0,22.0,156.0,1410.0,8316.0,6.0,1264.0,10.0,2686.0,58.0,4985.0,76.0,3.0,1535.0,86.0,351.0,253.0,26.0,614.0,4.0,1054.0,4.0,9.0,155.0,172.0,171.0,645.0,5921.0,10.0,612.0,634.0,,1.0,390.0,162.0,32.0,1377.0,40.0,33361.0,1290.0,13.0,453.0,85.0,3.0
2017-12-18,199.0,456.0,2483.0,14207.0,1980.0,61.0,,10017.0,25.0,29.0,7.0,32.0,109.0,40.0,37.0,247.0,4912.0,750.0,284.0,29.0,360.0,,8.0,83.0,112.0,56.0,12.0,494.0,43.0,202.0,99.0,49.0,153.0,268.0,45.0,58.0,2783.0,264.0,676.0,732.0,5743.0,2350.0,320.0,39.0,194.0,1548.0,8788.0,8.0,1422.0,28.0,3336.0,143.0,5663.0,104.0,5.0,3012.0,85.0,446.0,321.0,20.0,794.0,5.0,1192.0,6.0,10.0,192.0,229.0,261.0,680.0,6447.0,18.0,574.0,704.0,1.0,2.0,478.0,246.0,44.0,1608.0,33.0,38813.0,1655.0,17.0,1034.0,75.0,2.0
2017-12-19,229.0,466.0,2411.0,13126.0,1950.0,49.0,,9677.0,30.0,35.0,3.0,32.0,111.0,31.0,28.0,236.0,5024.0,786.0,262.0,36.0,366.0,,11.0,63.0,195.0,29.0,8.0,547.0,57.0,179.0,72.0,45.0,333.0,281.0,47.0,32.0,3122.0,205.0,540.0,423.0,5551.0,2133.0,223.0,41.0,162.0,1398.0,8909.0,11.0,1469.0,35.0,3350.0,123.0,5998.0,99.0,2.0,1802.0,80.0,464.0,261.0,9.0,766.0,3.0,1249.0,0.0,10.0,172.0,234.0,238.0,711.0,6556.0,22.0,521.0,667.0,,2.0,463.0,135.0,40.0,1457.0,40.0,42043.0,1443.0,15.0,1711.0,90.0,2.0
2017-12-20,234.0,355.0,2484.0,12287.0,2006.0,38.0,,9090.0,19.0,43.0,3.0,32.0,142.0,29.0,40.0,312.0,4960.0,715.0,251.0,16.0,371.0,,10.0,48.0,162.0,42.0,6.0,524.0,59.0,169.0,57.0,32.0,166.0,270.0,29.0,35.0,2798.0,241.0,494.0,385.0,5312.0,2010.0,281.0,36.0,136.0,1792.0,8053.0,18.0,1640.0,24.0,3302.0,118.0,5954.0,89.0,5.0,1538.0,83.0,446.0,235.0,11.0,713.0,4.0,1150.0,5.0,9.0,221.0,194.0,172.0,805.0,5350.0,24.0,453.0,621.0,,3.0,460.0,152.0,41.0,1437.0,34.0,37482.0,1284.0,19.0,1163.0,71.0,3.0
2017-12-21,215.0,379.0,2505.0,13014.0,1860.0,48.0,,9822.0,17.0,41.0,10.0,24.0,110.0,37.0,54.0,229.0,4555.0,626.0,228.0,21.0,305.0,,16.0,53.0,207.0,18.0,6.0,612.0,52.0,154.0,62.0,35.0,196.0,207.0,33.0,50.0,2669.0,135.0,559.0,388.0,4827.0,1907.0,195.0,35.0,137.0,1362.0,8468.0,12.0,1342.0,84.0,3211.0,77.0,5804.0,79.0,2.0,1564.0,96.0,451.0,278.0,17.0,643.0,4.0,1122.0,7.0,9.0,215.0,179.0,172.0,609.0,5960.0,11.0,539.0,600.0,1.0,2.0,483.0,182.0,27.0,1440.0,34.0,39021.0,1361.0,17.0,1047.0,67.0,2.0
2017-12-22,185.0,291.0,2022.0,12928.0,1654.0,22.0,,9037.0,14.0,16.0,7.0,18.0,100.0,24.0,51.0,215.0,4014.0,626.0,207.0,16.0,286.0,,9.0,38.0,112.0,19.0,4.0,470.0,37.0,167.0,63.0,50.0,166.0,176.0,22.0,43.0,2468.0,103.0,483.0,404.0,4366.0,1909.0,100.0,18.0,136.0,1330.0,7511.0,14.0,1091.0,29.0,3123.0,131.0,4985.0,77.0,5.0,1464.0,55.0,326.0,291.0,11.0,524.0,6.0,952.0,3.0,18.0,353.0,196.0,136.0,600.0,4681.0,13.0,461.0,544.0,,2.0,377.0,117.0,38.0,1309.0,25.0,34223.0,1009.0,14.0,926.0,79.0,4.0
2017-12-23,190.0,271.0,1997.0,15331.0,1542.0,31.0,,9098.0,14.0,12.0,7.0,25.0,79.0,18.0,45.0,160.0,3854.0,623.0,153.0,22.0,283.0,,1.0,36.0,79.0,22.0,9.0,461.0,24.0,133.0,44.0,41.0,192.0,106.0,22.0,42.0,2199.0,68.0,477.0,377.0,3921.0,1973.0,76.0,26.0,216.0,1263.0,7985.0,7.0,999.0,12.0,2887.0,48.0,4648.0,77.0,1.0,1759.0,75.0,276.0,307.0,13.0,458.0,4.0,866.0,8.0,7.0,146.0,144.0,118.0,621.0,5236.0,7.0,473.0,570.0,1.0,3.0,306.0,89.0,37.0,1185.0,29.0,30987.0,904.0,4.0,518.0,63.0,3.0
2017-12-24,200.0,257.0,1771.0,17455.0,1448.0,32.0,,8405.0,12.0,12.0,6.0,39.0,76.0,9.0,32.0,166.0,3768.0,577.0,146.0,9.0,244.0,,0.0,31.0,79.0,17.0,6.0,408.0,26.0,120.0,69.0,26.0,154.0,130.0,38.0,44.0,2087.0,45.0,545.0,453.0,4007.0,1932.0,72.0,17.0,137.0,1203.0,8130.0,9.0,945.0,7.0,2657.0,31.0,4323.0,69.0,2.0,1686.0,102.0,253.0,294.0,13.0,400.0,2.0,798.0,2.0,6.0,111.0,150.0,118.0,488.0,5043.0,11.0,410.0,590.0,0.0,1.0,335.0,78.0,32.0,1166.0,22.0,31188.0,868.0,10.0,382.0,61.0,
2017-12-25,182.0,267.0,1796.0,19920.0,1387.0,20.0,,8596.0,16.0,5.0,5.0,28.0,76.0,15.0,35.0,167.0,3878.0,588.0,183.0,9.0,232.0,,2.0,38.0,60.0,14.0,9.0,418.0,27.0,128.0,49.0,34.0,182.0,124.0,18.0,50.0,2084.0,51.0,504.0,426.0,4024.0,1899.0,45.0,19.0,153.0,1084.0,7940.0,9.0,962.0,14.0,2394.0,28.0,4494.0,76.0,1.0,2484.0,99.0,310.0,255.0,10.0,392.0,5.0,741.0,3.0,8.0,60.0,139.0,155.0,535.0,5167.0,10.0,429.0,650.0,,6.0,298.0,91.0,41.0,1077.0,16.0,31696.0,674.0,11.0,396.0,69.0,5.0
2017-12-26,217.0,372.0,2060.0,16706.0,1590.0,36.0,6.0,9218.0,11.0,16.0,2.0,30.0,106.0,18.0,38.0,155.0,4978.0,691.0,230.0,22.0,325.0,,2.0,63.0,83.0,19.0,12.0,441.0,28.0,189.0,84.0,25.0,170.0,203.0,31.0,45.0,2291.0,46.0,710.0,527.0,4604.0,1896.0,72.0,27.0,135.0,1168.0,8665.0,6.0,1090.0,13.0,2805.0,56.0,4876.0,64.0,1.0,2322.0,109.0,316.0,316.0,59.0,476.0,5.0,871.0,4.0,4.0,109.0,179.0,174.0,561.0,5445.0,12.0,466.0,718.0,,4.0,366.0,104.0,29.0,1348.0,27.0,32729.0,880.0,4.0,391.0,53.0,9.0
2017-12-27,337.0,379.0,2207.0,19409.0,1685.0,31.0,11.0,9859.0,14.0,21.0,4.0,35.0,127.0,25.0,48.0,200.0,4386.0,1016.0,254.0,14.0,310.0,,0.0,43.0,105.0,26.0,6.0,549.0,40.0,151.0,54.0,32.0,185.0,176.0,30.0,51.0,2477.0,74.0,673.0,470.0,4773.0,1943.0,68.0,19.0,140.0,1312.0,9164.0,5.0,1155.0,20.0,3177.0,81.0,5800.0,60.0,1.0,1906.0,113.0,373.0,312.0,11.0,492.0,3.0,992.0,2.0,8.0,106.0,183.0,193.0,537.0,5596.0,13.0,579.0,724.0,2.0,5.0,425.0,114.0,28.0,1394.0,22.0,36955.0,1075.0,15.0,468.0,92.0,1.0
2017-12-28,445.0,333.0,2180.0,15872.0,1707.0,29.0,8.0,9986.0,23.0,23.0,8.0,29.0,134.0,17.0,54.0,217.0,4513.0,1137.0,244.0,15.0,313.0,,10.0,59.0,139.0,22.0,17.0,620.0,34.0,168.0,72.0,39.0,247.0,221.0,29.0,47.0,2900.0,95.0,573.0,395.0,4624.0,3123.0,68.0,28.0,138.0,1244.0,9194.0,6.0,1224.0,22.0,3195.0,68.0,6042.0,79.0,4.0,2012.0,148.0,381.0,307.0,16.0,574.0,2.0,967.0,4.0,8.0,127.0,191.0,188.0,575.0,5640.0,17.0,511.0,746.0,,3.0,427.0,126.0,47.0,1446.0,32.0,35583.0,1039.0,17.0,410.0,63.0,3.0
2017-12-29,369.0,354.0,2176.0,14776.0,1788.0,37.0,11.0,9679.0,17.0,14.0,3.0,60.0,170.0,40.0,63.0,189.0,4342.0,1178.0,213.0,20.0,267.0,,2.0,54.0,101.0,25.0,12.0,543.0,19.0,141.0,60.0,34.0,23399.0,188.0,29.0,68.0,2361.0,125.0,566.0,428.0,4602.0,2081.0,69.0,25.0,158.0,1380.0,9057.0,17.0,1149.0,19.0,3219.0,61.0,5115.0,78.0,5.0,2135.0,87.0,300.0,308.0,16.0,514.0,1.0,916.0,4.0,5.0,130.0,209.0,131.0,576.0,5507.0,15.0,541.0,685.0,1.0,5.0,343.0,141.0,33.0,1267.0,20.0,33867.0,2895.0,10.0,393.0,74.0,5.0
2017-12-30,334.0,322.0,2034.0,18285.0,3123.0,38.0,8.0,10864.0,19.0,6.0,15.0,34.0,141.0,43.0,44.0,160.0,4042.0,1116.0,188.0,18.0,278.0,,3.0,44.0,186.0,19.0,12.0,506.0,41.0,163.0,71.0,31.0,11134.0,131.0,24.0,45.0,2077.0,81.0,581.0,390.0,4387.0,2653.0,68.0,33.0,147.0,1392.0,9506.0,12.0,1229.0,11.0,2928.0,68.0,4671.0,82.0,2.0,1598.0,113.0,274.0,256.0,7.0,478.0,3.0,945.0,7.0,11.0,114.0,187.0,124.0,484.0,5273.0,29.0,459.0,674.0,,9.0,360.0,100.0,36.0,1313.0,36.0,34604.0,1952.0,6.0,361.0,78.0,4.0
2017-12-31,389.0,306.0,1917.0,15629.0,2180.0,24.0,9.0,9420.0,14.0,11.0,7.0,46.0,140.0,35.0,55.0,155.0,3762.0,1151.0,162.0,18.0,265.0,,8.0,51.0,123.0,33.0,5.0,525.0,28.0,117.0,65.0,31.0,427.0,117.0,39.0,45.0,2076.0,89.0,524.0,369.0,4048.0,2660.0,109.0,28.0,163.0,1322.0,8607.0,6.0,1201.0,10.0,2515.0,74.0,4504.0,80.0,2.0,1884.0,90.0,243.0,303.0,11.0,394.0,3.0,870.0,6.0,18.0,100.0,221.0,133.0,556.0,5124.0,10.0,422.0,594.0,1.0,8.0,307.0,102.0,36.0,1261.0,39.0,31410.0,1176.0,24.0,286.0,83.0,6.0
2018-01-01,1121.0,342.0,1959.0,15579.0,1529.0,25.0,25.0,10821.0,14.0,15.0,30.0,68.0,304.0,35.0,98.0,181.0,4081.0,3240.0,171.0,9.0,273.0,,2.0,56.0,149.0,61.0,5.0,499.0,31.0,125.0,66.0,37.0,553.0,111.0,23.0,53.0,2361.0,120.0,576.0,328.0,4340.0,2418.0,75.0,25.0,173.0,1382.0,9564.0,18.0,1334.0,15.0,2734.0,56.0,4492.0,97.0,3.0,1703.0,117.0,320.0,280.0,16.0,429.0,3.0,957.0,14.0,19.0,107.0,166.0,187.0,491.0,5386.0,29.0,546.0,613.0,,2.0,297.0,101.0,41.0,1361.0,34.0,33371.0,956.0,18.0,302.0,83.0,13.0
2018-01-02,1161.0,402.0,2197.0,15722.0,1871.0,38.0,37.0,14433.0,27.0,25.0,31.0,68.0,433.0,38.0,109.0,320.0,4906.0,3937.0,271.0,19.0,359.0,,9.0,70.0,184.0,61.0,11.0,655.0,47.0,119.0,88.0,48.0,557.0,162.0,46.0,46.0,2573.0,198.0,2601.0,745.0,5414.0,3110.0,122.0,42.0,320.0,1637.0,10400.0,14.0,1694.0,38.0,3271.0,105.0,5704.0,102.0,11.0,1963.0,114.0,425.0,487.0,20.0,661.0,9.0,1263.0,30.0,11.0,231.0,220.0,190.0,1025.0,6036.0,21.0,609.0,722.0,,11.0,440.0,188.0,46.0,1759.0,30.0,38599.0,1675.0,32.0,445.0,104.0,10.0
2018-01-03,912.0,394.0,2438.0,18338.0,1974.0,48.0,20.0,11711.0,21.0,25.0,8.0,53.0,377.0,36.0,109.0,332.0,5007.0,2828.0,325.0,20.0,388.0,,5.0,50.0,167.0,51.0,7.0,678.0,40.0,168.0,70.0,45.0,539.0,218.0,41.0,65.0,2868.0,139.0,861.0,462.0,5236.0,3620.0,185.0,40.0,369.0,1888.0,9726.0,9.0,1617.0,46.0,3481.0,129.0,6018.0,88.0,9.0,1812.0,111.0,489.0,377.0,15.0,684.0,6.0,1154.0,18.0,12.0,133.0,197.0,197.0,643.0,5816.0,21.0,604.0,691.0,1.0,7.0,488.0,151.0,31.0,1466.0,42.0,38181.0,1663.0,17.0,478.0,90.0,7.0
2018-01-04,727.0,398.0,2454.0,16471.0,2010.0,41.0,11.0,11463.0,28.0,26.0,13.0,73.0,268.0,30.0,76.0,285.0,5082.0,2262.0,333.0,30.0,365.0,6.0,6.0,69.0,197.0,31.0,13.0,735.0,60.0,157.0,76.0,50.0,322.0,258.0,42.0,47.0,2695.0,1826.0,808.0,501.0,5149.0,2635.0,228.0,32.0,206.0,1475.0,9548.0,24.0,2093.0,29.0,3321.0,121.0,6311.0,119.0,9.0,1840.0,105.0,448.0,370.0,19.0,703.0,7.0,1272.0,21.0,8.0,2583.0,191.0,167.0,637.0,6487.0,22.0,592.0,740.0,,7.0,480.0,157.0,37.0,1541.0,37.0,38378.0,1901.0,58.0,503.0,84.0,3.0
2018-01-05,656.0,370.0,2284.0,16756.0,1898.0,34.0,9.0,11233.0,13.0,25.0,12.0,57.0,243.0,35.0,65.0,302.0,4802.0,1874.0,263.0,28.0,378.0,4.0,9.0,86.0,163.0,32.0,8.0,717.0,48.0,125.0,65.0,41.0,333.0,259.0,39.0,48.0,2895.0,1583.0,645.0,535.0,5004.0,2302.0,450.0,44.0,241.0,1511.0,9432.0,10.0,1825.0,49.0,3277.0,114.0,5576.0,144.0,9.0,1783.0,61.0,428.0,366.0,10.0,686.0,5.0,1136.0,25.0,10.0,2230.0,202.0,182.0,557.0,5701.0,9.0,582.0,700.0,,10.0,450.0,140.0,53.0,1516.0,33.0,39417.0,2141.0,62.0,439.0,85.0,7.0
2018-01-06,394.0,352.0,2075.0,19382.0,1773.0,54.0,6.0,12639.0,22.0,24.0,13.0,57.0,152.0,40.0,56.0,241.0,4358.0,1350.0,238.0,22.0,325.0,9.0,6.0,91.0,162.0,28.0,13.0,703.0,44.0,120.0,91.0,49.0,304.0,174.0,40.0,45.0,2513.0,739.0,712.0,507.0,4897.0,2237.0,148.0,26.0,231.0,1555.0,10190.0,26.0,1607.0,27.0,2922.0,116.0,5114.0,139.0,3.0,2390.0,56.0,349.0,347.0,14.0,596.0,5.0,1056.0,15.0,8.0,927.0,212.0,170.0,568.0,5592.0,21.0,565.0,656.0,2.0,8.0,408.0,130.0,56.0,1525.0,37.0,35917.0,1504.0,37.0,437.0,92.0,11.0
2018-01-07,327.0,396.0,2374.0,20775.0,1979.0,33.0,9.0,11664.0,16.0,11.0,12.0,46.0,148.0,21.0,59.0,208.0,5014.0,1297.0,323.0,12.0,329.0,4.0,3.0,75.0,136.0,43.0,16.0,648.0,33.0,169.0,69.0,49.0,372.0,132.0,36.0,36.0,2423.0,594.0,687.0,474.0,5141.0,2466.0,133.0,28.0,156.0,1546.0,11382.0,10.0,1524.0,33.0,3155.0,142.0,5132.0,111.0,7.0,2113.0,62.0,318.0,318.0,14.0,674.0,5.0,1053.0,18.0,10.0,522.0,188.0,158.0,521.0,5927.0,22.0,613.0,733.0,,4.0,422.0,139.0,44.0,1563.0,41.0,37092.0,1277.0,47.0,396.0,101.0,7.0
2018-01-08,327.0,415.0,2317.0,17027.0,2234.0,61.0,6.0,11712.0,21.0,27.0,8.0,45.0,302.0,41.0,72.0,302.0,5967.0,1173.0,362.0,29.0,395.0,6.0,11.0,81.0,198.0,31.0,6.0,624.0,38.0,240.0,73.0,30.0,291.0,255.0,50.0,52.0,2763.0,645.0,751.0,529.0,5881.0,2167.0,286.0,41.0,223.0,1506.0,10388.0,15.0,1475.0,46.0,3722.0,217.0,5722.0,90.0,2.0,1887.0,81.0,478.0,344.0,15.0,739.0,7.0,1294.0,17.0,9.0,652.0,191.0,183.0,646.0,6841.0,19.0,605.0,684.0,,5.0,522.0,117.0,31.0,1795.0,48.0,40060.0,1517.0,30.0,481.0,84.0,3.0
2018-01-09,313.0,511.0,2586.0,18752.0,2168.0,59.0,7.0,13839.0,30.0,33.0,4.0,45.0,172.0,57.0,55.0,262.0,5852.0,1124.0,373.0,25.0,414.0,5.0,4.0,68.0,174.0,31.0,6.0,638.0,52.0,158.0,69.0,46.0,263.0,260.0,42.0,53.0,3035.0,423.0,753.0,581.0,5901.0,2168.0,397.0,37.0,269.0,1464.0,9963.0,11.0,1658.0,27.0,3851.0,215.0,6154.0,106.0,3.0,1892.0,60.0,405.0,481.0,16.0,739.0,3.0,1352.0,16.0,13.0,545.0,223.0,200.0,618.0,6343.0,22.0,617.0,747.0,,2.0,469.0,142.0,44.0,1675.0,52.0,49112.0,1514.0,22.0,524.0,84.0,2.0
2018-01-10,317.0,521.0,2717.0,18583.0,2262.0,62.0,9.0,13625.0,28.0,18.0,7.0,38.0,168.0,46.0,54.0,356.0,5805.0,1015.0,404.0,57.0,422.0,6.0,6.0,110.0,185.0,28.0,13.0,693.0,44.0,161.0,86.0,33.0,259.0,279.0,38.0,43.0,3116.0,341.0,941.0,958.0,6287.0,2129.0,304.0,52.0,254.0,1339.0,10192.0,7.0,1567.0,44.0,3973.0,215.0,6544.0,98.0,5.0,1936.0,73.0,440.0,622.0,41.0,733.0,4.0,1400.0,21.0,8.0,438.0,224.0,216.0,771.0,6323.0,25.0,623.0,790.0,0.0,2.0,527.0,148.0,55.0,1931.0,43.0,47641.0,1563.0,20.0,531.0,85.0,2.0
2018-01-11,289.0,430.0,2642.0,17443.0,2255.0,66.0,7.0,13122.0,33.0,29.0,10.0,112.0,230.0,71.0,62.0,323.0,5729.0,1191.0,351.0,31.0,385.0,5.0,12.0,87.0,171.0,20.0,15.0,669.0,36.0,146.0,93.0,50.0,246.0,287.0,47.0,40.0,3132.0,351.0,887.0,824.0,6192.0,2112.0,325.0,37.0,285.0,1530.0,10690.0,11.0,1686.0,37.0,3782.0,236.0,6629.0,142.0,4.0,2016.0,83.0,513.0,531.0,23.0,682.0,5.0,1368.0,12.0,9.0,428.0,252.0,190.0,681.0,6515.0,18.0,621.0,681.0,1.0,3.0,551.0,182.0,49.0,1990.0,34.0,44732.0,1595.0,27.0,624.0,98.0,5.0
2018-01-12,302.0,347.0,2392.0,18554.0,2108.0,44.0,1.0,12030.0,39.0,26.0,3.0,56.0,149.0,42.0,58.0,289.0,5277.0,813.0,299.0,30.0,367.0,5.0,16.0,51.0,135.0,34.0,7.0,703.0,32.0,131.0,79.0,35.0,215.0,211.0,29.0,40.0,2802.0,290.0,781.0,641.0,5798.0,2058.0,264.0,37.0,349.0,1689.0,10049.0,11.0,1758.0,39.0,3590.0,416.0,6378.0,84.0,1.0,1956.0,58.0,455.0,397.0,16.0,641.0,4.0,1337.0,12.0,11.0,278.0,232.0,214.0,582.0,6760.0,13.0,584.0,744.0,,1.0,476.0,136.0,47.0,1687.0,31.0,44629.0,1326.0,21.0,534.0,98.0,4.0
2018-01-13,221.0,349.0,2226.0,20166.0,1958.0,102.0,5.0,11065.0,27.0,10.0,11.0,49.0,121.0,23.0,59.0,224.0,4566.0,770.0,259.0,16.0,309.0,5.0,3.0,59.0,119.0,21.0,16.0,575.0,21.0,131.0,70.0,35.0,172.0,178.0,34.0,52.0,2559.0,163.0,795.0,654.0,5448.0,2174.0,115.0,22.0,436.0,1503.0,9190.0,13.0,1287.0,20.0,3152.0,98.0,5829.0,91.0,4.0,1903.0,54.0,322.0,1228.0,6.0,615.0,2.0,1142.0,21.0,6.0,222.0,222.0,176.0,516.0,5553.0,20.0,544.0,713.0,,4.0,416.0,118.0,68.0,1451.0,27.0,39976.0,1018.0,28.0,338.0,87.0,7.0
2018-01-14,188.0,382.0,2472.0,17455.0,1978.0,32.0,3.0,17330.0,18.0,18.0,10.0,54.0,131.0,48.0,77.0,260.0,4951.0,730.0,339.0,17.0,355.0,7.0,8.0,37.0,162.0,30.0,5.0,601.0,32.0,144.0,90.0,46.0,262.0,168.0,29.0,63.0,2478.0,152.0,764.0,539.0,5576.0,2278.0,121.0,32.0,461.0,1470.0,10056.0,13.0,1526.0,18.0,3164.0,106.0,5712.0,81.0,2.0,2000.0,109.0,381.0,634.0,12.0,561.0,4.0,1190.0,15.0,14.0,169.0,241.0,175.0,1071.0,6263.0,10.0,657.0,711.0,,0.0,438.0,141.0,38.0,1445.0,29.0,40786.0,1000.0,25.0,372.0,83.0,12.0
2018-01-15,221.0,450.0,2859.0,17022.0,3363.0,46.0,3.0,11906.0,13.0,17.0,4.0,36.0,115.0,29.0,62.0,247.0,5579.0,741.0,496.0,25.0,414.0,4.0,5.0,55.0,119.0,46.0,6.0,597.0,36.0,159.0,88.0,51.0,300.0,166.0,32.0,43.0,3045.0,189.0,697.0,585.0,6473.0,2171.0,172.0,45.0,340.0,2205.0,10243.0,5.0,1807.0,47.0,3787.0,115.0,6704.0,132.0,9.0,2055.0,53.0,506.0,460.0,18.0,763.0,7.0,1203.0,32.0,13.0,188.0,201.0,215.0,734.0,6368.0,17.0,865.0,775.0,,8.0,554.0,131.0,32.0,1650.0,42.0,42631.0,1169.0,20.0,460.0,73.0,5.0
2018-01-16,208.0,478.0,2923.0,15895.0,2600.0,62.0,4.0,14054.0,29.0,19.0,4.0,26.0,128.0,37.0,70.0,409.0,6077.0,791.0,463.0,26.0,424.0,1.0,5.0,53.0,121.0,30.0,16.0,619.0,20.0,167.0,85.0,36.0,197.0,267.0,49.0,57.0,3070.0,221.0,797.0,540.0,6767.0,2067.0,240.0,41.0,292.0,1760.0,9925.0,12.0,1947.0,45.0,3995.0,199.0,6809.0,92.0,1.0,2080.0,56.0,493.0,381.0,16.0,943.0,6.0,1429.0,19.0,16.0,228.0,221.0,212.0,937.0,6024.0,16.0,667.0,748.0,2.0,5.0,527.0,126.0,56.0,1679.0,29.0,42784.0,1445.0,32.0,573.0,82.0,1.0
2018-01-17,274.0,482.0,2965.0,15747.0,2381.0,53.0,2.0,16847.0,23.0,23.0,14.0,48.0,152.0,52.0,66.0,585.0,6158.0,796.0,480.0,28.0,410.0,3.0,14.0,49.0,153.0,14.0,11.0,690.0,46.0,146.0,84.0,40.0,272.0,289.0,38.0,60.0,3117.0,242.0,971.0,664.0,6707.0,2046.0,273.0,46.0,350.0,1769.0,10002.0,16.0,1696.0,34.0,3940.0,266.0,7095.0,111.0,4.0,1974.0,70.0,515.0,510.0,27.0,884.0,7.0,1434.0,23.0,18.0,230.0,239.0,223.0,1295.0,6385.0,15.0,608.0,720.0,1.0,8.0,605.0,176.0,51.0,1604.0,31.0,42790.0,1425.0,26.0,576.0,88.0,9.0
2018-01-18,227.0,467.0,3084.0,14832.0,2423.0,49.0,5.0,13790.0,32.0,25.0,4.0,39.0,156.0,42.0,58.0,462.0,6099.0,740.0,447.0,25.0,416.0,7.0,29.0,49.0,160.0,29.0,9.0,700.0,46.0,156.0,64.0,57.0,251.0,278.0,46.0,53.0,3035.0,329.0,768.0,587.0,6641.0,2436.0,278.0,33.0,370.0,1608.0,9641.0,8.0,1684.0,38.0,4003.0,231.0,6609.0,103.0,4.0,1982.0,67.0,499.0,413.0,14.0,1061.0,5.0,1437.0,19.0,14.0,295.0,221.0,214.0,799.0,6288.0,14.0,587.0,682.0,1.0,7.0,534.0,162.0,43.0,1704.0,25.0,45552.0,1322.0,49.0,645.0,72.0,2.0
2018-01-19,177.0,445.0,2690.0,15122.0,2203.0,39.0,2.0,12509.0,22.0,21.0,6.0,31.0,125.0,45.0,86.0,326.0,5533.0,635.0,387.0,41.0,381.0,1.0,31.0,54.0,127.0,26.0,7.0,649.0,43.0,159.0,98.0,34.0,582.0,244.0,48.0,52.0,3062.0,248.0,716.0,515.0,6128.0,2122.0,273.0,42.0,250.0,1587.0,9332.0,4.0,1682.0,34.0,3593.0,301.0,6361.0,81.0,1.0,1776.0,59.0,443.0,343.0,13.0,894.0,1.0,1337.0,17.0,16.0,251.0,227.0,198.0,672.0,5867.0,11.0,564.0,715.0,,4.0,493.0,137.0,54.0,1509.0,31.0,42907.0,1645.0,34.0,597.0,77.0,0.0
2018-01-20,156.0,338.0,2379.0,15640.0,2122.0,48.0,3.0,11255.0,20.0,17.0,5.0,25.0,100.0,25.0,49.0,399.0,4822.0,581.0,271.0,14.0,372.0,2.0,5.0,57.0,119.0,25.0,7.0,628.0,38.0,141.0,80.0,32.0,234.0,169.0,32.0,42.0,2583.0,176.0,736.0,506.0,5656.0,2313.0,177.0,34.0,236.0,1578.0,8845.0,7.0,1403.0,18.0,3164.0,118.0,5711.0,96.0,0.0,1727.0,50.0,366.0,384.0,10.0,588.0,2.0,1076.0,11.0,13.0,190.0,213.0,174.0,713.0,5519.0,11.0,484.0,657.0,1.0,7.0,429.0,139.0,54.0,1399.0,25.0,37855.0,1241.0,20.0,562.0,82.0,2.0
2018-01-21,141.0,376.0,2589.0,22257.0,2194.0,24.0,2.0,12254.0,17.0,9.0,1.0,35.0,121.0,20.0,55.0,307.0,5077.0,556.0,311.0,19.0,372.0,6.0,5.0,62.0,146.0,19.0,9.0,634.0,45.0,149.0,80.0,42.0,179.0,155.0,20.0,53.0,2495.0,185.0,718.0,535.0,6272.0,2452.0,230.0,38.0,192.0,1595.0,9806.0,3.0,1433.0,18.0,3151.0,111.0,6145.0,89.0,1.0,2031.0,40.0,438.0,520.0,15.0,608.0,3.0,1154.0,14.0,13.0,141.0,181.0,204.0,593.0,5992.0,23.0,518.0,713.0,,2.0,448.0,111.0,36.0,1529.0,32.0,39709.0,1051.0,17.0,582.0,80.0,6.0
2018-01-22,183.0,502.0,2900.0,14857.0,2367.0,59.0,4.0,13325.0,61.0,31.0,7.0,28.0,132.0,27.0,59.0,478.0,6000.0,630.0,469.0,15.0,414.0,7.0,11.0,49.0,133.0,29.0,11.0,671.0,49.0,173.0,72.0,33.0,206.0,229.0,48.0,52.0,3034.0,340.0,702.0,483.0,6390.0,2138.0,369.0,44.0,203.0,1646.0,10098.0,4.0,1757.0,36.0,3753.0,218.0,7048.0,111.0,4.0,1955.0,48.0,477.0,425.0,18.0,781.0,3.0,1314.0,26.0,7.0,262.0,209.0,206.0,628.0,6312.0,13.0,546.0,697.0,2.0,6.0,583.0,163.0,38.0,1741.0,22.0,45901.0,1540.0,25.0,851.0,65.0,6.0
2018-01-23,196.0,512.0,2855.0,13943.0,2777.0,74.0,4.0,14109.0,19.0,23.0,12.0,32.0,139.0,44.0,56.0,361.0,6297.0,616.0,445.0,30.0,417.0,4.0,8.0,53.0,134.0,25.0,10.0,619.0,51.0,172.0,83.0,44.0,171.0,241.0,41.0,56.0,3454.0,402.0,788.0,491.0,6545.0,2099.0,340.0,36.0,230.0,1722.0,9340.0,6.0,1952.0,50.0,3735.0,254.0,7385.0,94.0,1.0,2163.0,45.0,668.0,410.0,33.0,811.0,5.0,1361.0,21.0,9.0,401.0,234.0,297.0,664.0,6077.0,18.0,562.0,720.0,2.0,5.0,599.0,144.0,42.0,1885.0,28.0,42662.0,1913.0,25.0,774.0,74.0,6.0
2018-01-24,208.0,512.0,3184.0,13983.0,2387.0,72.0,4.0,13235.0,22.0,28.0,2.0,34.0,157.0,55.0,56.0,341.0,5960.0,604.0,407.0,24.0,446.0,5.0,5.0,48.0,139.0,30.0,8.0,684.0,48.0,154.0,84.0,44.0,193.0,282.0,40.0,57.0,3379.0,405.0,814.0,563.0,6545.0,2138.0,283.0,41.0,252.0,2872.0,9546.0,11.0,1691.0,46.0,3667.0,315.0,7194.0,91.0,2.0,1873.0,56.0,628.0,401.0,12.0,986.0,8.0,1403.0,21.0,8.0,244.0,222.0,221.0,587.0,6174.0,15.0,515.0,738.0,1.0,5.0,604.0,137.0,39.0,1559.0,57.0,42502.0,2037.0,22.0,629.0,74.0,6.0
2018-01-25,198.0,892.0,3175.0,15183.0,2319.0,74.0,8.0,12067.0,23.0,22.0,9.0,35.0,129.0,43.0,113.0,374.0,5575.0,558.0,390.0,29.0,502.0,3.0,4.0,70.0,147.0,27.0,5.0,627.0,49.0,168.0,64.0,44.0,170.0,240.0,55.0,45.0,3239.0,328.0,1128.0,699.0,6119.0,2056.0,333.0,51.0,267.0,2690.0,9426.0,13.0,1662.0,42.0,3510.0,269.0,7460.0,99.0,3.0,1810.0,38.0,577.0,589.0,21.0,742.0,2.0,1729.0,19.0,11.0,216.0,216.0,197.0,607.0,6425.0,21.0,561.0,629.0,,11.0,540.0,166.0,28.0,1551.0,68.0,44199.0,2551.0,18.0,540.0,70.0,6.0
2018-01-26,158.0,439.0,2676.0,13674.0,2111.0,69.0,3.0,11607.0,18.0,16.0,7.0,64.0,134.0,39.0,55.0,303.0,5162.0,518.0,307.0,19.0,362.0,5.0,8.0,54.0,99.0,28.0,9.0,591.0,45.0,621.0,82.0,40.0,215.0,209.0,29.0,46.0,3275.0,321.0,1129.0,585.0,5627.0,2096.0,249.0,36.0,601.0,2084.0,8912.0,7.0,1605.0,21.0,3337.0,263.0,6673.0,68.0,2.0,1758.0,46.0,459.0,456.0,10.0,660.0,3.0,1303.0,14.0,9.0,164.0,217.0,196.0,535.0,5977.0,12.0,541.0,619.0,1.0,1.0,481.0,152.0,47.0,1552.0,28.0,41049.0,2197.0,17.0,519.0,55.0,4.0
2018-01-27,133.0,350.0,2914.0,14657.0,2089.0,32.0,4.0,10478.0,17.0,13.0,2.0,38.0,109.0,26.0,45.0,233.0,4951.0,490.0,248.0,19.0,335.0,1.0,1.0,57.0,115.0,61.0,8.0,517.0,40.0,154.0,67.0,40.0,173.0,113.0,31.0,40.0,2708.0,155.0,688.0,440.0,5282.0,2141.0,129.0,29.0,298.0,1824.0,8514.0,5.0,1447.0,21.0,2983.0,103.0,5807.0,72.0,1.0,1658.0,52.0,344.0,325.0,16.0,545.0,3.0,1066.0,9.0,9.0,96.0,218.0,157.0,526.0,5319.0,14.0,486.0,702.0,,4.0,451.0,124.0,23.0,1560.0,27.0,34777.0,1358.0,19.0,357.0,68.0,4.0
2018-01-28,185.0,426.0,2687.0,15890.0,2166.0,37.0,4.0,11236.0,28.0,24.0,13.0,87.0,350.0,37.0,51.0,222.0,6359.0,512.0,256.0,21.0,334.0,3.0,3.0,175.0,127.0,13960.0,2.0,626.0,111.0,152.0,64.0,52.0,188.0,189.0,25.0,44.0,2717.0,294.0,715.0,539.0,6201.0,2492.0,147.0,27.0,391.0,1725.0,9849.0,62.0,1517.0,36.0,3182.0,166.0,6664.0,147.0,13.0,2485.0,46.0,415.0,343.0,7.0,580.0,16.0,1151.0,19.0,12.0,168.0,220.0,184.0,597.0,6312.0,94.0,536.0,804.0,,5.0,483.0,137.0,39.0,1507.0,36.0,42263.0,1458.0,18.0,363.0,90.0,3.0
2018-01-29,282.0,557.0,2844.0,16876.0,2359.0,58.0,4.0,12325.0,30.0,23.0,4.0,49.0,247.0,47.0,47.0,290.0,7221.0,550.0,578.0,20.0,496.0,5.0,9.0,121.0,140.0,17544.0,9.0,609.0,42.0,203.0,80.0,46.0,183.0,222.0,42.0,46.0,3689.0,580.0,826.0,580.0,7350.0,2141.0,348.0,47.0,338.0,1696.0,10213.0,8.0,1716.0,38.0,3972.0,255.0,7474.0,97.0,3.0,1873.0,49.0,464.0,358.0,19.0,800.0,2.0,1378.0,23.0,12.0,176.0,240.0,211.0,713.0,6075.0,52.0,539.0,733.0,,6.0,608.0,137.0,72.0,1699.0,48.0,44080.0,2426.0,13.0,528.0,63.0,5.0
2018-01-30,213.0,579.0,3862.0,13815.0,2174.0,61.0,4.0,12867.0,31.0,35.0,7.0,31.0,186.0,42.0,48.0,332.0,6318.0,472.0,468.0,30.0,767.0,4.0,6.0,86.0,169.0,8314.0,10.0,655.0,44.0,719.0,91.0,39.0,197.0,265.0,37.0,43.0,3411.0,456.0,751.0,535.0,6494.0,2153.0,266.0,48.0,304.0,1665.0,9762.0,4.0,1637.0,39.0,3856.0,312.0,7364.0,80.0,2.0,1872.0,67.0,535.0,374.0,23.0,1228.0,3.0,1485.0,17.0,9.0,188.0,237.0,238.0,629.0,6232.0,24.0,549.0,725.0,1.0,6.0,602.0,159.0,51.0,1636.0,34.0,42284.0,3129.0,17.0,864.0,58.0,11.0
2018-01-31,223.0,573.0,2944.0,15655.0,2077.0,50.0,4.0,12416.0,29.0,28.0,4.0,24.0,155.0,57.0,58.0,303.0,6490.0,555.0,385.0,36.0,433.0,4.0,12.0,82.0,146.0,1179.0,10.0,681.0,46.0,155.0,83.0,41.0,223.0,238.0,53.0,52.0,3036.0,418.0,771.0,488.0,6317.0,1898.0,360.0,50.0,297.0,1620.0,9504.0,11.0,1652.0,45.0,7595.0,321.0,6736.0,86.0,2.0,1813.0,74.0,572.0,331.0,15.0,836.0,4.0,1478.0,14.0,17.0,193.0,224.0,206.0,585.0,5887.0,26.0,598.0,779.0,,3.0,574.0,149.0,50.0,1650.0,37.0,44993.0,2552.0,26.0,667.0,84.0,4.0
2018-02-01,855.0,503.0,3137.0,14956.0,1984.0,48.0,6.0,12639.0,18.0,20.0,7.0,31.0,132.0,58.0,53.0,356.0,6569.0,776.0,346.0,33.0,430.0,1.0,10.0,75.0,144.0,425.0,5.0,710.0,47.0,180.0,63.0,31.0,198.0,279.0,50.0,39.0,3062.0,491.0,741.0,564.0,6077.0,2030.0,385.0,46.0,331.0,1597.0,9487.0,6.0,1590.0,41.0,4049.0,257.0,7018.0,83.0,1.0,1834.0,43.0,511.0,346.0,24.0,858.0,3.0,1452.0,13.0,13.0,168.0,215.0,200.0,583.0,6069.0,26.0,622.0,658.0,,1.0,555.0,168.0,85.0,1625.0,42.0,41759.0,3117.0,29.0,595.0,61.0,7.0
2018-02-02,450.0,400.0,2740.0,13194.0,1836.0,40.0,4.0,11653.0,22.0,22.0,7.0,29.0,126.0,49.0,69.0,291.0,6054.0,673.0,312.0,25.0,388.0,4.0,9.0,63.0,104.0,322.0,8.0,642.0,39.0,164.0,66.0,45.0,209.0,265.0,47.0,38.0,3075.0,347.0,601.0,478.0,5384.0,1855.0,305.0,52.0,333.0,1761.0,8800.0,8.0,1513.0,31.0,3230.0,219.0,6395.0,111.0,3.0,1851.0,45.0,417.0,334.0,21.0,773.0,4.0,1300.0,7.0,9.0,110.0,223.0,197.0,533.0,5632.0,35.0,530.0,617.0,,4.0,494.0,182.0,58.0,1555.0,32.0,38696.0,3970.0,28.0,509.0,67.0,1.0
2018-02-03,241.0,331.0,2601.0,14086.0,1781.0,33.0,3.0,10524.0,14.0,16.0,6.0,26.0,115.0,28.0,46.0,228.0,5305.0,598.0,316.0,14.0,447.0,5.0,2.0,50.0,93.0,271.0,7.0,623.0,35.0,125.0,60.0,48.0,305.0,191.0,37.0,50.0,2564.0,181.0,585.0,401.0,5127.0,2092.0,120.0,29.0,211.0,1529.0,8539.0,3.0,1232.0,18.0,3215.0,86.0,6083.0,57.0,0.0,1887.0,53.0,343.0,274.0,11.0,534.0,4.0,1222.0,5.0,5.0,66.0,230.0,140.0,499.0,7565.0,12.0,453.0,616.0,1.0,1.0,438.0,121.0,36.0,1382.0,20.0,35472.0,2984.0,41.0,320.0,89.0,2.0
2018-02-04,199.0,417.0,3568.0,15044.0,1797.0,33.0,,11192.0,17.0,14.0,11.0,30.0,119.0,26.0,43.0,251.0,6289.0,571.0,348.0,14.0,439.0,3.0,2.0,48.0,123.0,209.0,4.0,655.0,32.0,152.0,71.0,34.0,257.0,149.0,41.0,54.0,2470.0,249.0,614.0,456.0,5904.0,2315.0,182.0,34.0,295.0,1512.0,9440.0,4.0,1298.0,17.0,3307.0,113.0,6231.0,63.0,4.0,1942.0,46.0,349.0,303.0,20.0,603.0,2.0,1316.0,6.0,4.0,73.0,245.0,182.0,517.0,6419.0,15.0,524.0,661.0,1.0,3.0,447.0,102.0,34.0,1541.0,39.0,36734.0,2092.0,11.0,358.0,82.0,2.0
2018-02-05,193.0,616.0,3223.0,11987.0,2150.0,57.0,1.0,11633.0,22.0,22.0,3.0,22.0,127.0,41.0,37.0,352.0,6453.0,543.0,415.0,22.0,469.0,4.0,3.0,57.0,140.0,139.0,4.0,612.0,36.0,202.0,81.0,57.0,190.0,283.0,45.0,41.0,3013.0,409.0,613.0,437.0,5923.0,2022.0,325.0,43.0,204.0,1619.0,9542.0,9.0,1578.0,38.0,3702.0,255.0,6830.0,101.0,2.0,2118.0,49.0,445.0,296.0,24.0,764.0,1.0,1484.0,13.0,4.0,135.0,215.0,195.0,591.0,6389.0,15.0,616.0,645.0,1.0,1.0,560.0,154.0,41.0,1671.0,36.0,40971.0,1841.0,26.0,560.0,59.0,3.0
2018-02-06,234.0,591.0,3075.0,12109.0,2171.0,64.0,1.0,12163.0,27.0,27.0,7.0,31.0,133.0,45.0,60.0,264.0,6211.0,581.0,387.0,33.0,479.0,5.0,9.0,59.0,160.0,109.0,9.0,645.0,49.0,238.0,86.0,38.0,220.0,304.0,40.0,44.0,3252.0,405.0,780.0,538.0,6435.0,1972.0,355.0,38.0,244.0,1790.0,9395.0,6.0,1666.0,50.0,3820.0,327.0,7521.0,118.0,3.0,1972.0,56.0,459.0,321.0,15.0,806.0,5.0,1511.0,11.0,11.0,140.0,210.0,273.0,577.0,6233.0,15.0,515.0,703.0,,2.0,568.0,162.0,84.0,1729.0,364.0,43922.0,1830.0,29.0,561.0,97.0,5.0
2018-02-07,148.0,539.0,3004.0,13521.0,2221.0,56.0,,11872.0,18.0,29.0,3.0,28.0,116.0,54.0,46.0,308.0,5985.0,563.0,409.0,31.0,440.0,8.0,4.0,78.0,120.0,104.0,8.0,642.0,43.0,183.0,69.0,42.0,221.0,273.0,41.0,54.0,3179.0,373.0,614.0,486.0,6517.0,2022.0,315.0,45.0,183.0,1615.0,9308.0,11.0,1650.0,37.0,3578.0,240.0,7435.0,106.0,2.0,2065.0,57.0,498.0,391.0,15.0,840.0,3.0,1478.0,8.0,14.0,161.0,243.0,248.0,586.0,6357.0,22.0,625.0,651.0,1.0,3.0,513.0,179.0,43.0,1679.0,62.0,41384.0,1868.0,28.0,569.0,92.0,19.0
2018-02-08,141.0,566.0,2812.0,13835.0,2227.0,55.0,3.0,12165.0,31.0,34.0,2.0,41.0,146.0,47.0,47.0,304.0,5962.0,551.0,359.0,39.0,431.0,5.0,5.0,68.0,164.0,119.0,13.0,678.0,40.0,184.0,80.0,51.0,211.0,296.0,52.0,47.0,3267.0,346.0,776.0,507.0,6548.0,1909.0,386.0,59.0,338.0,1655.0,9418.0,5.0,1640.0,44.0,3783.0,267.0,7550.0,99.0,2.0,1925.0,44.0,439.0,383.0,17.0,864.0,1.0,1530.0,16.0,12.0,277.0,222.0,248.0,609.0,6711.0,21.0,574.0,704.0,1.0,0.0,547.0,217.0,49.0,1814.0,53.0,42353.0,1832.0,12.0,570.0,100.0,6.0
2018-02-09,141.0,495.0,2560.0,13702.0,1987.0,58.0,2.0,11679.0,17.0,32.0,3.0,35.0,126.0,42.0,57.0,295.0,5095.0,496.0,323.0,20.0,350.0,7.0,3.0,50.0,113.0,84.0,10.0,664.0,39.0,190.0,58.0,27.0,201.0,246.0,34.0,50.0,2829.0,235.0,593.0,471.0,5626.0,1894.0,258.0,46.0,233.0,1559.0,9266.0,4.0,1465.0,31.0,3354.0,247.0,7085.0,95.0,3.0,1802.0,47.0,433.0,408.0,19.0,718.0,3.0,1376.0,16.0,11.0,488.0,181.0,215.0,551.0,6453.0,18.0,538.0,737.0,,3.0,508.0,170.0,50.0,1744.0,46.0,44464.0,2253.0,18.0,489.0,70.0,5.0
2018-02-10,106.0,323.0,2278.0,14138.0,1809.0,33.0,1.0,11077.0,20.0,13.0,0.0,31.0,92.0,27.0,47.0,225.0,4947.0,417.0,234.0,30.0,317.0,2.0,6.0,59.0,88.0,85.0,6.0,558.0,32.0,177.0,59.0,42.0,201.0,205.0,31.0,45.0,2507.0,146.0,535.0,410.0,5339.0,2038.0,154.0,24.0,175.0,1462.0,10018.0,3.0,1284.0,23.0,3025.0,95.0,6208.0,74.0,1.0,1584.0,29.0,323.0,309.0,22.0,537.0,6.0,1158.0,12.0,6.0,2168.0,211.0,170.0,491.0,5581.0,7.0,531.0,692.0,,2.0,437.0,120.0,50.0,1512.0,32.0,45725.0,2251.0,25.0,355.0,85.0,5.0
2018-02-11,96.0,497.0,2730.0,15299.0,1836.0,42.0,3.0,11580.0,17.0,11.0,17.0,29.0,118.0,9.0,33.0,221.0,5029.0,465.0,298.0,21.0,381.0,5.0,6.0,44.0,95.0,76.0,4.0,538.0,52.0,177.0,65.0,44.0,232.0,149.0,39.0,42.0,2555.0,214.0,535.0,442.0,5878.0,1986.0,175.0,47.0,176.0,1609.0,10086.0,6.0,1462.0,21.0,3240.0,104.0,6480.0,93.0,6.0,2106.0,30.0,357.0,367.0,20.0,591.0,1.0,1324.0,16.0,5.0,133.0,185.0,190.0,604.0,6738.0,16.0,511.0,775.0,3.0,3.0,452.0,176.0,57.0,1840.0,29.0,39969.0,1390.0,28.0,349.0,92.0,2.0
2018-02-12,125.0,602.0,3252.0,15781.0,2164.0,37.0,3.0,12466.0,15.0,19.0,25.0,34.0,115.0,30.0,53.0,302.0,5496.0,733.0,373.0,23.0,444.0,5.0,13.0,53.0,154.0,78.0,4.0,582.0,51.0,171.0,70.0,42.0,194.0,207.0,37.0,46.0,2950.0,420.0,640.0,520.0,6180.0,2113.0,324.0,50.0,212.0,1548.0,10099.0,7.0,1545.0,61.0,3577.0,190.0,7249.0,103.0,3.0,2198.0,52.0,522.0,337.0,16.0,862.0,5.0,1545.0,8.0,8.0,158.0,223.0,242.0,592.0,6350.0,23.0,595.0,861.0,,3.0,543.0,159.0,111.0,1856.0,26.0,44181.0,1805.0,30.0,468.0,61.0,3.0
2018-02-13,148.0,523.0,3027.0,13078.0,2221.0,61.0,3.0,11632.0,17.0,27.0,3.0,31.0,146.0,38.0,69.0,284.0,5332.0,468.0,332.0,31.0,413.0,10.0,13.0,61.0,144.0,81.0,2.0,621.0,49.0,167.0,67.0,36.0,236.0,340.0,43.0,42.0,3105.0,393.0,622.0,539.0,5828.0,1915.0,340.0,65.0,235.0,1538.0,9394.0,3.0,1637.0,45.0,3745.0,256.0,7336.0,103.0,0.0,1975.0,58.0,448.0,324.0,22.0,868.0,6.0,1474.0,12.0,6.0,165.0,207.0,214.0,527.0,6619.0,17.0,606.0,735.0,,2.0,549.0,156.0,53.0,1745.0,33.0,44071.0,1820.0,21.0,562.0,69.0,1.0
2018-02-14,157.0,478.0,2540.0,12038.0,1975.0,67.0,1.0,11760.0,13.0,37.0,6.0,23.0,122.0,30.0,50.0,274.0,5482.0,448.0,313.0,12.0,424.0,7.0,6.0,34.0,151.0,52.0,4.0,828.0,48.0,160.0,68.0,44.0,206.0,242.0,32.0,39.0,2891.0,370.0,605.0,477.0,5600.0,2210.0,297.0,61.0,255.0,1626.0,9684.0,10.0,1521.0,44.0,3276.0,222.0,6705.0,94.0,1.0,2003.0,42.0,515.0,355.0,9.0,844.0,4.0,1398.0,9.0,11.0,144.0,208.0,217.0,560.0,5644.0,13.0,585.0,663.0,1.0,5.0,521.0,141.0,40.0,1550.0,31.0,44427.0,1544.0,23.0,642.0,55.0,5.0
2018-02-15,143.0,500.0,2651.0,12453.0,1980.0,56.0,3.0,11045.0,16.0,29.0,4.0,45.0,132.0,45.0,36.0,295.0,5448.0,480.0,338.0,21.0,438.0,3.0,8.0,53.0,132.0,45.0,4.0,579.0,49.0,145.0,70.0,33.0,221.0,267.0,40.0,42.0,2878.0,364.0,603.0,404.0,6318.0,1948.0,463.0,65.0,204.0,2020.0,9279.0,3.0,1589.0,43.0,3323.0,291.0,6730.0,89.0,3.0,2092.0,56.0,449.0,293.0,15.0,799.0,3.0,2484.0,7.0,10.0,166.0,215.0,197.0,613.0,5517.0,23.0,651.0,663.0,,10.0,528.0,163.0,62.0,1501.0,37.0,45821.0,1422.0,15.0,708.0,52.0,2.0
2018-02-16,136.0,420.0,2507.0,14357.0,1934.0,59.0,2.0,11800.0,18.0,15.0,5.0,36.0,128.0,23.0,36.0,251.0,4823.0,406.0,307.0,18.0,378.0,7.0,7.0,54.0,127.0,80.0,9.0,634.0,36.0,142.0,64.0,27.0,230.0,246.0,31.0,44.0,2789.0,279.0,591.0,435.0,5561.0,1812.0,520.0,56.0,200.0,1936.0,9190.0,4.0,1533.0,37.0,3238.0,220.0,7362.0,87.0,1.0,2377.0,61.0,500.0,293.0,11.0,670.0,3.0,3566.0,9.0,9.0,96.0,211.0,161.0,567.0,5797.0,13.0,759.0,621.0,1.0,11.0,519.0,114.0,30.0,1510.0,23.0,42406.0,2255.0,13.0,523.0,70.0,3.0
2018-02-17,109.0,325.0,2177.0,15032.0,1744.0,37.0,3.0,11036.0,17.0,17.0,8.0,25.0,101.0,15.0,50.0,178.0,4467.0,404.0,217.0,8.0,353.0,5.0,5.0,35.0,109.0,49.0,10.0,585.0,30.0,105.0,59.0,40.0,235.0,145.0,18.0,33.0,2541.0,149.0,620.0,467.0,5039.0,1995.0,228.0,35.0,183.0,2017.0,9629.0,6.0,1358.0,12.0,2948.0,111.0,6079.0,49.0,4.0,2383.0,43.0,345.0,315.0,10.0,564.0,4.0,2224.0,10.0,5.0,93.0,221.0,154.0,502.0,5553.0,13.0,886.0,646.0,,2.0,408.0,133.0,52.0,1433.0,21.0,37542.0,1643.0,20.0,439.0,60.0,1.0
2018-02-18,98.0,443.0,2508.0,15726.0,1896.0,33.0,3.0,12142.0,9.0,17.0,5.0,30.0,114.0,25.0,45.0,217.0,4708.0,431.0,240.0,13.0,383.0,1.0,4.0,46.0,186.0,43.0,6.0,609.0,47.0,126.0,67.0,36.0,229.0,181.0,29.0,61.0,2436.0,177.0,615.0,446.0,5462.0,1959.0,249.0,41.0,212.0,1786.0,10828.0,4.0,1636.0,12.0,3143.0,105.0,6724.0,88.0,1.0,2829.0,66.0,366.0,266.0,17.0,649.0,3.0,2019.0,16.0,6.0,74.0,194.0,158.0,544.0,6036.0,18.0,1051.0,699.0,,3.0,436.0,136.0,73.0,1604.0,35.0,43094.0,1497.0,7.0,447.0,88.0,2.0
2018-02-19,140.0,644.0,2801.0,27895.0,2278.0,42.0,2.0,11234.0,17.0,21.0,6.0,38.0,126.0,37.0,45.0,225.0,5536.0,442.0,361.0,26.0,426.0,6.0,8.0,52.0,109.0,58.0,7.0,603.0,51.0,150.0,74.0,51.0,230.0,262.0,44.0,59.0,3037.0,323.0,786.0,523.0,6259.0,2072.0,343.0,43.0,189.0,1740.0,10531.0,7.0,1916.0,26.0,3737.0,141.0,7156.0,115.0,4.0,2889.0,50.0,415.0,325.0,14.0,795.0,8.0,2073.0,15.0,9.0,117.0,221.0,173.0,574.0,6085.0,11.0,1195.0,678.0,,5.0,537.0,144.0,112.0,1675.0,35.0,44847.0,1527.0,17.0,461.0,82.0,3.0
2018-02-20,162.0,540.0,2897.0,23555.0,2258.0,74.0,1.0,11510.0,31.0,27.0,8.0,44.0,103.0,36.0,58.0,273.0,5661.0,438.0,365.0,27.0,498.0,1.0,10.0,52.0,152.0,56.0,7.0,627.0,45.0,161.0,66.0,41.0,248.0,329.0,41.0,42.0,3103.0,364.0,659.0,529.0,6470.0,2022.0,356.0,60.0,223.0,1801.0,9773.0,3.0,1707.0,46.0,3815.0,208.0,7342.0,130.0,6.0,2669.0,54.0,478.0,333.0,13.0,875.0,10.0,1861.0,7.0,10.0,1991.0,227.0,208.0,576.0,6075.0,8.0,1015.0,677.0,,26.0,558.0,154.0,37.0,1838.0,36.0,44621.0,1741.0,26.0,550.0,67.0,10.0
2018-02-21,145.0,552.0,2950.0,17021.0,2171.0,50.0,1.0,11944.0,15.0,35.0,2.0,37.0,132.0,50.0,55.0,346.0,5837.0,453.0,350.0,28.0,417.0,5.0,14.0,51.0,142.0,42.0,8.0,665.0,63.0,173.0,74.0,45.0,270.0,286.0,47.0,48.0,3088.0,392.0,683.0,467.0,6223.0,2151.0,430.0,52.0,239.0,1568.0,9884.0,7.0,1782.0,59.0,3802.0,275.0,7289.0,103.0,2.0,2615.0,46.0,451.0,365.0,27.0,848.0,7.0,1689.0,13.0,4.0,127.0,217.0,210.0,575.0,6150.0,21.0,970.0,697.0,1.0,0.0,529.0,171.0,53.0,1738.0,35.0,47973.0,1803.0,31.0,480.0,66.0,1.0
2018-02-22,162.0,529.0,2941.0,18366.0,2161.0,52.0,1.0,11710.0,24.0,29.0,7.0,41.0,136.0,48.0,56.0,325.0,5541.0,479.0,275.0,17.0,387.0,7.0,10.0,51.0,142.0,51.0,13.0,672.0,58.0,156.0,69.0,37.0,178.0,269.0,37.0,50.0,3033.0,348.0,669.0,405.0,6337.0,5006.0,486.0,66.0,232.0,1674.0,9638.0,5.0,1709.0,39.0,3505.0,260.0,7030.0,113.0,1.0,2249.0,76.0,454.0,328.0,11.0,844.0,6.0,1657.0,7.0,13.0,114.0,241.0,208.0,732.0,5816.0,4.0,959.0,677.0,,0.0,567.0,168.0,57.0,1698.0,24.0,46589.0,1746.0,15.0,556.0,59.0,1.0
2018-02-23,133.0,435.0,2644.0,15187.0,1972.0,51.0,5.0,11962.0,23.0,34.0,4.0,40.0,111.0,89.0,58.0,263.0,5089.0,416.0,317.0,22.0,406.0,7.0,2.0,58.0,117.0,42.0,12.0,713.0,46.0,155.0,62.0,43.0,166.0,260.0,63.0,38.0,3002.0,239.0,696.0,495.0,5629.0,2001.0,419.0,54.0,301.0,1580.0,9096.0,4.0,1585.0,30.0,3240.0,212.0,6713.0,100.0,2.0,2421.0,40.0,461.0,361.0,19.0,725.0,6.0,1570.0,15.0,5.0,119.0,215.0,200.0,652.0,5409.0,16.0,1011.0,625.0,,3.0,491.0,187.0,49.0,1581.0,24.0,47537.0,1525.0,10.0,495.0,66.0,7.0
2018-02-24,115.0,375.0,2247.0,15122.0,1894.0,36.0,2.0,10726.0,17.0,21.0,7.0,39.0,77.0,41.0,63.0,242.0,4373.0,420.0,273.0,14.0,307.0,3.0,4.0,63.0,131.0,71.0,6.0,548.0,39.0,112.0,61.0,27.0,149.0,145.0,25.0,39.0,3093.0,167.0,577.0,434.0,5122.0,1991.0,207.0,48.0,250.0,1554.0,8889.0,6.0,1243.0,19.0,3049.0,111.0,6023.0,105.0,2.0,2257.0,37.0,335.0,292.0,9.0,638.0,6.0,1294.0,9.0,3.0,82.0,213.0,150.0,537.0,4907.0,10.0,876.0,645.0,,1.0,444.0,172.0,54.0,1371.0,24.0,37217.0,1112.0,19.0,418.0,75.0,7.0
2018-02-25,109.0,432.0,2678.0,17281.0,2119.0,30.0,2.0,11837.0,14.0,15.0,16.0,48.0,107.0,27.0,48.0,282.0,5093.0,418.0,296.0,23.0,354.0,3.0,6.0,66.0,117.0,42.0,5.0,580.0,36.0,165.0,86.0,31.0,259.0,161.0,36.0,55.0,2518.0,167.0,763.0,562.0,6049.0,2009.0,214.0,48.0,903.0,1461.0,10369.0,9.0,1346.0,25.0,3081.0,127.0,6576.0,98.0,3.0,2861.0,45.0,349.0,690.0,22.0,661.0,2.0,1416.0,7.0,3.0,89.0,244.0,205.0,550.0,5907.0,16.0,778.0,683.0,,7.0,506.0,161.0,99.0,1692.0,25.0,40243.0,1216.0,17.0,428.0,89.0,1.0
2018-02-26,146.0,573.0,3042.0,14694.0,2426.0,56.0,2.0,13092.0,20.0,19.0,10.0,56.0,143.0,55.0,54.0,331.0,5892.0,493.0,360.0,35.0,458.0,5.0,9.0,107.0,143.0,63.0,8.0,709.0,53.0,173.0,75.0,36.0,223.0,256.0,36.0,36.0,2965.0,453.0,869.0,766.0,6494.0,1919.0,370.0,55.0,1246.0,1596.0,11072.0,8.0,1634.0,35.0,3878.0,311.0,7641.0,92.0,,3574.0,46.0,470.0,738.0,15.0,860.0,10.0,1758.0,8.0,14.0,116.0,242.0,224.0,674.0,7010.0,12.0,779.0,768.0,,1.0,524.0,203.0,110.0,1911.0,38.0,47207.0,1600.0,15.0,618.0,87.0,8.0
2018-02-27,159.0,619.0,2895.0,17599.0,2364.0,67.0,3.0,12695.0,20.0,21.0,5.0,38.0,135.0,37.0,46.0,329.0,5779.0,453.0,372.0,32.0,482.0,9.0,7.0,80.0,142.0,52.0,9.0,681.0,53.0,189.0,60.0,30.0,166.0,299.0,42.0,45.0,3228.0,508.0,752.0,622.0,6476.0,1965.0,402.0,62.0,424.0,1490.0,10418.0,6.0,1620.0,43.0,3671.0,312.0,8250.0,101.0,3.0,2771.0,40.0,520.0,459.0,16.0,833.0,5.0,1557.0,17.0,9.0,170.0,210.0,235.0,689.0,5893.0,8.0,795.0,808.0,1.0,2.0,554.0,180.0,45.0,1753.0,33.0,45658.0,1708.0,15.0,626.0,92.0,5.0
2018-02-28,127.0,569.0,2933.0,14899.0,2388.0,70.0,1.0,12544.0,17.0,29.0,4.0,43.0,134.0,53.0,48.0,354.0,5449.0,477.0,411.0,43.0,388.0,3.0,14.0,55.0,140.0,40.0,4.0,705.0,57.0,183.0,73.0,39.0,202.0,301.0,57.0,42.0,3189.0,397.0,678.0,489.0,6184.0,2188.0,362.0,67.0,296.0,1483.0,9636.0,8.0,1814.0,50.0,3420.0,333.0,7323.0,100.0,2.0,2812.0,59.0,523.0,360.0,15.0,843.0,8.0,1786.0,8.0,13.0,138.0,220.0,218.0,712.0,5684.0,16.0,743.0,731.0,1.0,2.0,589.0,194.0,39.0,1647.0,28.0,42239.0,1955.0,8.0,608.0,78.0,5.0
2018-03-01,129.0,532.0,2791.0,14419.0,2261.0,65.0,3.0,12428.0,23.0,18.0,5.0,36.0,131.0,47.0,51.0,285.0,5409.0,467.0,370.0,45.0,369.0,7.0,4.0,51.0,132.0,40.0,14.0,695.0,43.0,172.0,72.0,50.0,190.0,282.0,48.0,52.0,3003.0,343.0,783.0,548.0,5913.0,2246.0,367.0,57.0,281.0,1616.0,9373.0,7.0,1756.0,42.0,3549.0,315.0,7285.0,111.0,2.0,2792.0,58.0,456.0,379.0,24.0,823.0,3.0,1663.0,7.0,5.0,140.0,241.0,201.0,647.0,6504.0,12.0,758.0,551.0,1.0,8.0,578.0,191.0,38.0,1539.0,30.0,42145.0,2171.0,25.0,662.0,71.0,7.0
