,Feature0,Feature1,Feature2,Feature3
0,0.44090341930107385,0.8822219655289448,0.0,1.598063532837355
1,1.3156456521645177,-0.46575083485356833,0.0,2.0795617957608954
2,0.010974174132139344,0.22018442672127864,0.0,0.9346175415960131
3,1.0225938446416885,-0.6728174456391669,0.0,1.7798769948542938
4,-0.38876070792638784,0.9078765438294566,0.0,-0.3684897202689751
5,1.1531349175037275,-0.19560733717980233,0.0,2.177208914750273
6,1.0339817205902537,0.2250706004350996,0.0,1.6292029208938887
7,0.4128091460055867,0.7299229133550673,0.0,1.3363831091195668
8,0.00031335078389065074,0.04269269796090912,0.0,0.8357566147900464
9,0.889942174892388,0.18864673063740103,0.0,2.0477833278900524
10,1.7618785919651065,0.12747317542885947,0.0,3.0400082790235823
11,0.30041212358826186,0.9010014352208582,0.0,1.3092563878992491
12,0.6297616760438098,0.7186816213705406,0.0,1.0174717953721957
13,-0.5687468443210157,0.6818798448086427,0.0,-0.2104415007154795
14,-0.2198241896540479,1.0740722639720945,0.0,0.5153913688270929
15,-0.5869278676588319,0.8834859494810352,0.0,-0.07525552427223026
16,1.8562745690080544,0.4461301197431077,0.0,3.592664672722387
17,0.7133611529865105,0.6123670163511675,0.0,1.9592784786382302
18,-0.043826209891490414,0.6450274802484967,0.0,0.09340987916950293
19,0.001387525905498909,0.16569370774321107,0.0,0.313734070971674
20,-0.7024284910325114,0.7140111118712448,0.0,-0.23495364138758856
21,2.0488882659833805,0.30600975341220366,0.0,3.4069437238902336
22,1.9066894178974645,0.08740902605528228,0.0,3.7296739859742556
23,0.49903440905133145,-0.5855561161561559,0.0,0.9921597871844211
24,1.6022579125657979,-0.3754320669691187,0.0,2.8788111612853298
25,-0.08707875385185615,0.5196140846735944,0.0,0.8145903452985119
26,0.18934217052914493,0.9645691146619568,0.0,1.1985419336318501
27,1.3993461322392338,-0.4497100514870567,0.0,2.337222863537023
28,0.20104141933107555,0.9887959968579845,0.0,0.8861960448551274
29,2.01975660620462,0.11515530451416496,0.0,3.1718238785090764
30,2.009247509389109,0.48035593516662023,0.0,3.921535387740148
31,0.17278941332964565,0.5397862763682475,0.0,0.33621550356285956
32,2.0696098737161996,0.5024856585092131,0.0,3.2949509623757023
33,0.6673268847138017,0.7920750811792158,0.0,1.1634799349413547
34,-0.07575446242074171,0.5636436832742445,0.0,0.6924253866582966
35,1.9032541930258644,0.28189365731325,0.0,3.7780054242128336
36,-0.2552188142187209,0.9207252195866702,0.0,-0.3244923560168632
37,-0.12165822574800014,0.7800539824798826,0.0,0.586977534263597
38,1.0085679358846749,-0.40223774322716976,0.0,2.5036985026894025
39,0.9935950485548886,0.20712728774292571,0.0,2.1486182814733934
40,2.0209078148049064,-0.044059783919202344,0.0,3.2212362871671845
41,-0.30825532374228487,1.0161941404455697,0.0,0.4499060250005553
42,0.6104799549113669,0.8035378008461346,0.0,1.1461934804570295
43,0.938134659876021,-0.0824268947080517,0.0,2.3390159981748804
44,0.256387756508515,-0.23274373278649607,0.0,1.2636452055382184
45,0.6473439342201548,1.0885813876144221,0.0,1.9457752600050924
46,-0.597490975389971,0.9519539429922049,0.0,0.029873813463272447
47,0.9289339715704491,0.19427099377487927,0.0,1.5980341708267516
48,-0.09786116498524766,0.4644957824577811,0.0,0.16947587535200137
49,-0.6922959502298927,0.5409283687883819,0.0,-0.5999416543299642
50,-0.6031273295092738,0.761468256403126,0.0,0.0863617769731524
51,-0.7855909977382123,0.2789128164753316,0.0,-0.48895178798138994
52,0.37265649606806134,-0.34188605826755186,0.0,1.432093195919637
53,0.9175744224586028,0.4508579745349923,0.0,1.6043391898620691
54,0.184053135246862,-0.033619236417578774,0.0,0.4136109984901102
55,1.5374176696316821,-0.3539565493130514,0.0,2.976769422018672
56,0.08326778037123796,1.023012350075299,0.0,0.5330711526198528
57,1.8391888114803865,-0.2627015226485515,0.0,3.1443429579518822
58,1.8224748320578663,0.17842599238923684,0.0,3.1799943479755215
59,1.933850435340018,0.13442803194850517,0.0,3.066839558537019
60,0.8073338686284495,0.6239642835886807,0.0,2.124883484711309
61,-0.5575842755517351,0.6349800571948045,0.0,-0.009278723011372225
62,1.4014109542396795,-0.30458309980648396,0.0,2.400163150244269
63,0.5951873259451136,0.7926625057580092,0.0,0.9639925588765917
64,0.47229981169904445,-0.6660216231416107,0.0,1.4495092238737517
65,0.16923053044804537,1.0896352851878883,0.0,0.6571248434118186
66,1.017950403615589,-0.09069079060663032,0.0,2.116024176943656
67,0.1449146980580675,-0.2493357476137712,0.0,0.7347683450079083
68,1.9700495327646108,0.0015003008398638829,0.0,3.0656013267783258
69,-0.40751543890006703,1.0448034341509447,0.0,-0.4586173124249705
70,1.4919081548923199,-0.30509671665121185,0.0,2.2791349047245903
71,1.0282351041144848,-0.5150763203297093,0.0,2.3099791868697426
72,0.30539600957399987,1.0369125719530732,0.0,0.6193524379860932
73,-0.45120805422788224,0.7190880126985867,0.0,0.11703401389097312
74,0.19117375175967682,0.17509229723073455,0.0,0.9973639953281516
75,-0.9740066974753968,0.31361239747107605,0.0,-0.49098828381351955
76,1.4894794914821763,-0.4936935482177539,0.0,3.1567133600864636
77,0.6649345981899609,0.6952097812001055,0.0,1.4929181622643806
78,-0.7637209579127775,0.5240094732429632,0.0,-0.9825160600825503
79,-0.8997801655611009,0.4306846514164955,0.0,-0.5579269930746078
80,-0.9392971940137832,0.13185554614426664,0.0,-0.726572625834147
81,1.7472357485374235,0.23950907492156437,0.0,2.8968074244728577
82,-0.5398848160120285,0.6823928529467407,0.0,0.15950364483574142
83,-0.3086404597156577,0.7458854728621002,0.0,-0.369022723544498
84,1.594847405062778,-0.32547519021722326,0.0,3.110869255753159
85,0.16580069132617592,-0.09407904802212234,0.0,1.2428548058927211
86,0.06799692161180412,0.2788540824093171,0.0,0.9138117453758554
87,0.9130394438476352,0.32536151918434597,0.0,2.1128391019003354
88,-0.8884678258999215,-0.10549930203575754,0.0,-0.4666213331561645
89,0.08342361728542189,1.0614719782942803,0.0,0.8552473875956428
90,-1.0047120880439182,0.43484893020666016,0.0,-0.7147629138633983
91,0.0020028269675312765,0.26256158539431973,0.0,0.26629017641532166
92,0.9245402242773113,0.15672641045300517,0.0,1.4366189561438056
93,0.7756225329349262,-0.528379411417969,0.0,1.6298841775687025
94,-1.1150514383562178,0.05910206781493958,0.0,-0.9181118527956836
95,0.9608736318354313,0.3198016185273187,0.0,1.9595351535316152
96,0.11830678038469093,0.04226500035683459,0.0,1.122598180551396
97,-0.03267211353141636,0.22175009937018683,0.0,0.9502934043540209
98,0.8873827765193193,0.13488644451740545,0.0,1.812217224581332
99,0.11945550833671523,0.09549348008833922,0.0,0.6941123002483636
100,0.9971977680409211,0.15166958290710808,0.0,1.517717683734754
101,0.39442730808750076,-0.24041026152881428,0.0,1.3324530033333644
102,1.8000749620824512,0.03353760594752128,0.0,3.057847964261557
103,-0.15727693436650636,1.0865050123715534,0.0,0.7286236576161794
104,1.5909984148076042,-0.2603566884696229,0.0,2.623798388517505
105,1.301865839563864,-0.48816280790380245,0.0,1.9760873042118599
106,-0.8533747897010072,0.18648196724021177,0.0,-0.971685288685217
107,0.14818077959567091,-0.16589538843940257,0.0,1.1088331633579829
108,1.0270206799526487,0.16247318153784443,0.0,2.0496333304193715
109,0.42852046230915725,0.8021188759714621,0.0,1.3964200269581146
110,0.20672490115354056,-0.18039580361219296,0.0,0.7589643497579108
111,-0.886014229205055,0.5668576357069702,0.0,-0.691150715428843
112,0.09003151852224614,0.07604086340482497,0.0,0.7475100090536805
113,-1.064333693521551,0.007338563527019108,0.0,-0.9520632674615941
114,1.5743187843655473,-0.28006060472479194,0.0,2.530646646660651
115,1.9131108406056887,0.08898967714517289,0.0,3.6716679300841086
116,0.8219001361695129,-0.5984529186670158,0.0,1.73291852608505
117,1.9863291424187506,0.09012102825321447,0.0,3.1701875447437686
118,0.3231174825007666,-0.0979057890568059,0.0,1.2716909967271348
119,0.27873060224883195,0.13308573922592287,0.0,0.9219121482817028
120,-0.7726188003692452,0.6425395542131929,0.0,-0.7875259495794565
121,0.10527860068485945,1.0022694962431986,0.0,0.41412263530635385
122,0.9333738627856712,-0.1207579785392644,0.0,2.2227163143543818
123,0.811381468651817,0.6326212966704167,0.0,1.6813874200512817
124,0.5386153095907218,1.0487911773474028,0.0,1.080394921938706
125,1.8408659932688787,-0.30476407383551135,0.0,3.6694032640016463
126,-0.43939080934600305,1.0575815161395112,0.0,-0.5571722133088545
127,0.8787101601878957,0.3521496950132313,0.0,1.8936690266365714
128,2.121621045511265,0.40001429304122066,0.0,3.2586915670009406
129,1.7619881445020895,-0.10178121397497272,0.0,3.280564821003824
130,1.9301622056943106,0.3398077293731034,0.0,3.2450666403676154
131,0.7377388836819162,0.717295760197759,0.0,1.6855449383872507
132,1.4152552859171443,-0.4288457554682368,0.0,2.6806809107426437
133,0.4605254148168249,0.8944827829360655,0.0,1.6294795428513071
134,0.35040853046241366,-0.39154616165350153,0.0,1.46681410948324
135,0.027479881302512804,1.110717073975058,0.0,0.15591982351506778
136,1.5052509559680756,-0.31439204134123616,0.0,2.3432948760951144
137,0.0342737646824116,0.40926580525202055,0.0,0.34869018490899506
138,0.7510295395487135,0.6833156811793902,0.0,1.6092411867684566
139,0.0865219951365246,0.9785082205540035,0.0,0.5600330596536403
140,1.8721250497017878,-0.09775084136240682,0.0,3.1674265366601695
141,1.5897679472175072,-0.3013930951892922,0.0,3.22995122346911
142,0.7237534800929106,0.40880040288082564,0.0,1.8241222742950125
143,-1.0195545536379702,0.3888244554461815,0.0,-0.599785235826281
144,-0.12865016435667598,0.8625989030520154,0.0,0.7527533096349481
145,0.43181476524678697,0.8170787379773947,0.0,1.0075575893086866
146,-0.046787168737719376,1.0542573854836623,0.0,0.8174082370271292
147,0.3535685141934279,-0.2426396332850078,0.0,1.3724975493508078
148,1.1352284509971016,-0.4850719531784992,0.0,2.5619689543217006
149,1.9135176797007556,0.02328687382900234,0.0,3.7111262258661086
150,-0.8094790807880857,0.39385460858870075,0.0,-0.26577025577549973
151,1.162973101305363,-0.597816774620673,0.0,2.434286904221409
152,-0.6257341682325436,0.5919331130847933,0.0,-0.1747497334258854
153,-0.553485919142958,0.6608465688946673,0.0,-0.7815723649902436
154,0.10546052108415876,0.9657440496213768,0.0,0.49503251328231246
155,1.3927501371946045,-0.3430606678212418,0.0,2.7583928316850743
156,0.876422984599674,0.48660167189238623,0.0,1.9300242475504292
157,1.0848434862418008,0.04015630316855799,0.0,2.5563904352970477
158,-0.5800354147468466,0.7005501448408915,0.0,-0.3696016890723599
159,0.738339676743302,-0.5497560267126714,0.0,1.9793197816192796
160,1.442255248890181,-0.5999595086790468,0.0,2.426707425107465
161,0.5208275416394991,-0.37474326159754023,0.0,1.4932399519591597
162,0.9039229126647584,-0.5959588163385878,0.0,1.820148580649016
163,-0.8388964829638408,0.3456312932497938,0.0,-1.1938678217745782
164,0.4898126352157167,-0.528697074332684,0.0,0.8774921393150169
165,0.25348858777188954,-0.03371866166612988,,0.8195249666491686
166,0.1618525555197664,1.0319782968617437,0.0,0.8574007897347309
167,0.9460990383048627,-0.41039476046121875,0.0,2.0354582149463267
168,1.1224602085285726,-0.47805645758178966,0.0,2.6075448095098994
169,-0.5001415703134754,1.0901803565263652,0.0,-0.5911640688445857
170,1.1705820832713563,-0.42483290604609847,0.0,1.8790931870640077
171,0.9297080917556342,0.26654268079454274,0.0,2.3871533477863722
172,-0.9168654327172024,0.5119995713496366,0.0,-0.7670841252106324
173,0.8234563725779345,-0.4372299527311868,0.0,1.3771865148161742
174,2.0639052146628982,0.31463499987597654,0.0,3.2499692323003786
175,0.18055290922214634,0.14388785288870862,0.0,0.30747246341584256
176,1.1276560981950337,0.21357344422945357,0.0,2.6154012280764096
177,0.6860300673636481,-0.3814621551442411,0.0,1.6616075376124826
178,1.2343217158391873,-0.3131268362122732,0.0,2.3762052042944535
179,-0.022851482617315517,0.30306713221490933,0.0,0.2439192568024428
180,1.0636028223235647,0.18462306666018485,0.0,1.953026561877119
181,0.19507656191517392,-0.02809598222854788,0.0,0.39934646607683466
182,0.8352967221979464,0.6040832410605955,0.0,1.763087918341634
183,0.32847222675426785,-0.12727110663310812,0.0,0.8785423752106368
184,-0.02001091712830532,0.912997457244119,0.0,0.9450363552460074
185,2.0550415066050087,0.42230425669764493,0.0,3.655644711317491
186,0.08743404237551392,0.9362210857128992,0.0,0.47214754023135463
187,0.9963739391029802,0.5533023856963271,0.0,2.2801610308371973
188,0.12922974355160854,1.0961090068283266,0.0,0.7649962392256647
189,0.08850349218995546,-0.2015123331525293,0.0,0.8956960836928606
190,0.48538635878437925,-0.4197340946523109,0.0,1.4271566940262392
191,0.49456021445004106,-0.24081156952290464,0.0,1.3681349027499978
192,1.0662838933189096,-0.4930049554271117,0.0,2.396616368119885
193,-0.3740105585808323,0.906217689195743,0.0,0.34050998187295367
194,0.5884922507254731,0.7923568628088971,0.0,1.525803335728316
195,0.7545232957746921,0.7362137847267385,0.0,1.3939597944095177
196,1.6920363468468484,-0.42360394858091827,0.0,2.652055392775562
197,0.46312147403660786,-0.3427193730192196,0.0,1.4914163784175807
198,0.3157039199370008,1.0411369537952717,0.0,1.0932358344013873
199,-0.4694968647006196,0.8127792418110369,0.0,-0.5613345017371587
200,0.7570262522419575,0.8004877688652527,0.0,1.6242697618525301
201,0.3858456950725092,-0.4556626555797074,0.0,1.0862697290135477
202,-0.7831130618922877,0.6576681248648139,0.0,-0.6434443084571099
203,1.1501344406096905,-0.3733365443410756,0.0,1.8305621964177368
204,0.20540251917963925,0.3040725352302176,0.0,0.871293425669259
205,0.770737296576353,0.47743713817555583,0.0,1.6297653054099754
206,1.9849148162628585,0.4458365929078045,0.0,3.319609330685088
207,1.0758070998451632,0.15516394071681874,0.0,1.82104032991395
208,-0.4439005522957741,0.9146164957670223,0.0,-0.49416461275298695
209,-0.09071376531659878,0.3171096195265738,0.0,0.6252877764352913
210,1.7551168850915235,-0.15663745334184395,0.0,3.5099435468746245
211,2.0688535728536577,0.27333370876891017,0.0,3.499591599832191
212,1.7103098313319758,-0.15283687998387216,0.0,3.2348128909961953
213,-0.6671128851270424,0.5837729751089316,0.0,-0.18551708608638195
214,0.036392787159743936,0.202560941961344,0.0,0.5556704346260942
215,-0.923165325496064,0.6556829876323815,0.0,-0.611046993892439
216,1.108665503052086,-0.5821946479456577,0.0,1.6652846575289666
217,1.0272590212129193,-0.4879317200793734,0.0,1.7253229270333392
218,1.5245489611637928,-0.4307122030514907,0.0,2.5330640835878424
219,1.7428730874049292,-0.12355987433863881,0.0,2.622385783525795
220,0.8988013063029785,-0.575679391916435,0.0,2.3057305381380124
221,-0.20214808309075868,1.096636025605648,0.0,-0.07325944036304405
222,2.0173489733928927,0.17755558953738332,0.0,3.476861745969983
223,1.286589090392689,-0.2872462306958979,0.0,2.3747681819020703
224,0.7267099856749433,0.8795638867716491,0.0,1.4705561973717152
225,-0.4037441671415202,0.9500819334225042,0.0,0.21566073386630313
226,0.19240200610368177,1.021353992543084,0.0,0.7976407338147198
227,1.5071830649408977,-0.29808095602791695,0.0,2.7334184693581527
228,-0.787156713914675,0.2971225322950869,0.0,-0.22409636922679865
229,1.0836264157973643,-0.7334300140484573,0.0,2.400805577945601
230,1.9230486516251737,0.21079954571150802,0.0,3.760101273238496
231,1.8119356589966769,-0.007074065193544081,0.0,2.8043973700592972
232,0.7356672147081335,-0.3847987639383339,0.0,1.197429633230409
233,1.9573496984233876,0.07583684082888287,0.0,2.986569525024314
234,0.5992427758868051,-0.3027435843467582,0.0,1.1914205559576376
235,0.44685404275440166,0.862224420862764,0.0,0.9238610268676332
236,1.0020508755128759,0.20056432990354695,0.0,2.3805682094630183
237,-0.6641897234119599,0.6940873771150243,0.0,-0.38001970698735543
238,-0.015111884514548944,0.33152988206286327,0.0,0.19161872044222586
239,0.11503766393946635,0.359981865572175,0.0,0.44887830681104546
240,0.2965775112287496,-0.2599633460524987,0.0,0.44829043598938734
241,1.1149426525906088,0.08599049614194482,0.0,1.716019968502205
242,2.0112378870709464,0.4959642680637888,0.0,3.4811956329744715
243,-0.9638314786747431,0.46481515934364814,0.0,-0.8316737813401154
244,0.8470416869326621,0.4204059427374284,0.0,2.066991047230886
245,-0.5990919328365207,0.5580280339931607,0.0,0.020734853482541782
246,0.18470192178514072,-0.04719752981988107,0.0,0.38661873655625745
247,0.3461887317693468,0.939402104635566,0.0,1.4204406939831702
248,1.7407220350331727,-0.05785045696914584,0.0,3.133909688394856
249,-1.0756226971279639,0.09643181422685328,0.0,-0.9500615468734046
250,1.8270009681928698,-0.039722028317964904,0.0,3.3931800911509913
251,0.24299273801086452,0.8058226816097498,0.0,0.8324495880666687
252,0.07330096480011304,0.07457081619102732,0.0,0.7564306063725096
253,-1.0019236351459166,0.0388864583307181,0.0,-1.2381707048098753
254,2.067141982366209,0.46978643526853436,0.0,3.255021031181731
255,0.13545964365483026,0.06464707691070634,0.0,0.21954966840984871
256,1.8280911488644052,0.20277573643046243,0.0,3.2132037756457814
257,0.6856457271652322,0.43200054296428125,0.0,1.5479936454191416
258,0.10974732929165648,-0.29499033365008875,0.0,0.7738289848304831
259,0.5030021466799369,0.8448049626886636,0.0,1.6087836339009924
260,2.0786738015917674,0.39188932057955744,0.0,3.26407944809996
261,1.8399958365707776,0.3735655207664894,0.0,3.3390354949568892
262,1.0862068713832118,0.2524563634655778,0.0,1.8616673811426634
263,0.32212506168075883,0.04185049982819121,0.0,1.0063871669825177
264,1.9613971826239571,0.5624139126955771,0.0,3.516395433050535
265,0.20090695802456043,-0.12115727112593397,0.0,1.0622633009870577
266,1.2066045727928958,-0.3405092371282107,0.0,2.7207080134657073
267,1.7275291414124585,-0.10883087091168592,0.0,2.761406831520204
268,1.3898378302645056,-0.39197190973261675,0.0,2.187145355264315
269,-0.5358615266362189,0.6632955575677933,0.0,-0.6342395413922822
270,-1.091188627984703,0.11866074718750497,0.0,-0.8509273503976896
271,-0.9381655039371715,0.308207322521599,0.0,-0.5494666484661119
272,1.8478928150132317,0.23719838320611397,0.0,2.9368270626279127
273,-0.6930414021488592,0.925135805871526,0.0,-1.009104041009194
274,-1.0337907828483104,0.3972934042657479,0.0,-1.1426954816544121
275,-0.4690668565121837,0.8207762020587159,0.0,-0.04956499046823426
276,0.524012689270744,-0.30858872756157635,0.0,1.1882542230450728
277,0.14185946020186063,-0.15891537711231937,0.0,0.7042365398143524
278,-0.004693163943151695,0.4812193969934532,0.0,0.9177971761173304
279,0.8196838908592229,-0.4275578577119503,0.0,1.9484524413819635
280,0.7864689420330077,-0.6017715270396132,0.0,2.135172627613561
281,0.9556089898956531,0.38079158816564046,0.0,1.458950464685699
282,-0.5988814375138847,0.647491051822652,0.0,-0.337545222928025
283,0.7152617417056756,0.604145628405879,0.0,1.8304874170643195
284,-0.6206734046571867,0.9318041226352882,0.0,-0.18644062051320576
285,-0.12833368393921327,0.820385542174093,0.0,0.0696501529845232
286,2.041674898378414,0.3448550618197695,,3.2615099985063223
287,-0.06384618427210255,0.8480695235424859,0.0,0.0883631372100677
288,0.6735058997724025,0.6167661368186066,0.0,1.7178460312007786
289,0.3650349635068094,0.9392452985743551,0.0,1.1569523222537763
290,-0.22048573329470042,1.022688199712,0.0,0.08118723812736217
291,0.7842036142538801,0.6554998955786492,0.0,1.8083551575647876
292,-0.888004554178137,0.5387579325485109,0.0,-0.6615374736030624
293,-0.15692648191537104,0.5571522548050175,0.0,0.7267561228253545
294,-0.45774660568948805,0.8818652657421377,0.0,-0.4156580371564498
295,-0.9756735552750635,0.39926883390304546,0.0,-0.530222336663653
296,0.6477708089355368,-0.30297286852819466,0.0,1.5820827392810632
297,-0.35958254914888044,0.9866172870878862,0.0,-0.20678953793579324
298,-0.7411303425186815,0.5256990510666373,0.0,-0.6386148045511614
299,1.0349550580060303,0.2752919280679005,0.0,
300,1.4040908075223102,-0.5316804758166476,0.0,2.969405830752071
301,0.4005236085673751,0.8871579260812514,0.0,1.0525034854241655
302,1.687591808737334,-0.1493614142668524,0.0,2.540657095398531
303,0.46911581171034666,-0.3487401327594568,0.0,0.8310973094070558
304,1.382769399385984,-0.5530168719063409,0.0,2.172878661547386
305,0.34726941803173184,1.0510263057145088,0.0,0.6501201004669982
306,-0.0007365068440466863,0.19095862702079858,0.0,0.2822984847701558
307,-0.01245359198701984,1.0362661245347986,0.0,0.2729062609345203
308,0.29616415618849146,0.8557279022385468,0.0,0.5213688514586359
309,0.7402841775907221,-0.4647005515447623,0.0,1.9264483545954547
310,0.0902472778355774,0.20719755463650535,0.0,0.5547717657443306
311,-0.8562939859952245,0.46196128927459035,0.0,-0.537206752367702
312,0.7603715231077686,0.5882223221733037,0.0,1.7478093125271468
313,-1.1800758286017048,0.1404846006865873,0.0,-1.1990770841537226
314,0.310571259110924,-0.43052102289325567,0.0,0.5250187369097415
315,0.31740943357654355,0.9427950463639329,0.0,0.5124143095000143
316,0.9007439456296703,0.9142411211177508,0.0,2.035846749178355
317,-0.03219221181016872,0.3702086185837545,0.0,0.20047257212528471
318,0.8444604496643618,0.591697351216304,0.0,2.0905229252666335
319,1.032939825525176,-0.5662241698715057,0.0,2.3296385436619502
320,0.934540716240367,0.5263522247354401,0.0,1.45694947363025
321,0.306769918705983,1.069570504866347,0.0,0.4849000833456159
322,1.9894266067325628,0.35061684091799483,0.0,3.0869310131162293
323,-0.644025460605201,0.5803830892205628,0.0,-0.7337482002579202
324,1.2105143940979106,-0.29584623610946614,0.0,2.231517699509502
325,1.2174210381295592,-0.24830716570238287,0.0,2.784498289733062
326,1.5394441215988586,-0.12916154550077436,0.0,2.591033052980107
327,0.6013302056789959,0.8011150548462628,0.0,1.4737122040256883
328,0.919347123679615,0.526895189142552,0.0,1.8643154893872214
329,0.489759853770984,0.808506896946645,0.0,0.9063471955131196
330,0.17128814141307314,0.8504649238893999,0.0,0.43223774814867455
331,-0.014139082936720782,0.35200384836887133,0.0,0.5365059602440712
332,0.6237375567117363,0.8032118849174382,0.0,1.7960538872907956
333,0.289132018395208,-0.1688602716486379,0.0,1.3452246754220232
334,-0.3333888784401963,0.9147284716215555,0.0,0.37497623563443117
335,1.028912766482058,0.20227002678848038,0.0,2.4031843665257693
336,0.7491822636202211,0.8418952187934027,0.0,2.012331941777473
337,1.8819909928034797,0.026998156024874105,0.0,3.727923444921015
338,-1.032965608792178,0.5398717915847527,0.0,-0.6280474967411126
339,-0.7977065842006635,0.5592448301468198,0.0,-0.49257816946720323
340,1.8677580412843109,-0.11701685121565789,0.0,2.9925766624989536
341,0.3142537101701622,-0.20656363074738646,0.0,0.500544176863468
342,0.9654619320513771,-0.2898117377787367,0.0,2.0018184946584996
343,0.7686642060378482,0.44347210283744687,0.0,1.3611046469841286
344,0.8423612977412114,-0.4602187045468575,0.0,1.3458630034710573
345,1.1200002559981754,-0.4502758679914498,0.0,2.4682626223462156
346,1.208051472087371,-0.5793694176719602,0.0,2.50028137154653
347,-0.9548697308094551,0.07407681128032143,0.0,-0.5475119257018036
348,0.8033734766655006,0.6911766217725835,0.0,1.6699468404098665
349,0.40140144297760416,-0.1452997984521268,0.0,1.3774364532893069
350,0.13046912465065566,1.1358135593020355,0.0,1.0394326504939546
351,1.105760608495228,-0.6026366147071196,0.0,2.4688099335511837
352,2.0171527062587615,0.4759460918205569,0.0,3.1402963718715498
353,0.24099255018467824,-0.13049016979758882,0.0,0.7356701080869965
354,0.14670512674588687,0.13176590242831396,0.0,0.5364896784032536
355,0.5797117256073786,0.9407580376946231,0.0,1.3824254615862124
356,1.015819040551151,0.167391078874269,0.0,1.6426252651493498
357,0.24007951818008355,0.01447813899740849,0.0,1.1633122141324987
358,1.6371530399172325,-0.1727179737994242,0.0,3.267200783000169
359,0.38202517725223717,0.835905308289923,0.0,1.0247225442455017
360,-0.8187857778213748,0.7151027368004266,0.0,-0.5477561308851528
361,1.0863183748621439,0.13325342798743484,0.0,2.437138129953091
362,-0.5738262820366838,0.851006266380656,0.0,-0.024768048115652697
363,1.2121842127263487,-0.32686790461757886,0.0,2.8064428814128184
364,2.0501498735878925,0.3110396460726337,0.0,3.53182436968516
365,-0.5659157272586312,0.8399827801694089,0.0,-0.14269064867769077
366,0.9657445172699505,0.3641396085111249,0.0,2.174749491389565
367,1.8594062869142658,0.022843411311216588,0.0,3.721166785740743
368,0.8999776708038388,-0.6870884865759104,0.0,2.268396093089962
369,1.1452057522843724,-0.7456123789752505,0.0,2.2631159384710404
370,-0.822224240120414,0.05234128260859339,0.0,-0.7510312038117464
371,,-0.36409264695289933,0.0,0.7863737332690872
372,0.7898869000077169,0.6188317248245812,0.0,2.0779529561316115
373,0.9061245197606429,0.6107149826382764,0.0,1.8202671044478496
374,-0.3416286512458453,0.8901865973385598,0.0,0.20993488729563958
375,-0.9039892876729974,0.4693598557070574,0.0,-1.159305856880652
376,0.8597302344246766,0.7255223021103184,0.0,1.510308567872597
377,1.4768993984776002,-0.5189117328003012,0.0,3.12373279314395
378,0.8522777164158263,-0.4700077110862069,0.0,1.9554416146645779
379,0.4628954215089086,0.9340866949575763,0.0,1.2075638805006181
380,0.9188957665705557,0.2767099165025415,0.0,2.2744237200567787
381,-0.8918495427754562,0.5407560354638407,0.0,-0.8234130143458147
382,-0.9598552049658355,0.33416887546812246,0.0,-1.3706920307663721
383,-0.9638905626293216,0.3288599041762763,0.0,-1.1619154469779698
384,0.13606782160670366,0.8006005929911206,0.0,0.8972534421105087
385,-0.0399291250464873,0.22655835070761157,0.0,0.12433918999304588
386,0.7465658065686497,-0.43000565031544585,0.0,2.0797743732938114
387,0.5157307976658482,0.9018400446398364,0.0,1.0113546323052511
388,0.5827182096392867,0.929851255806625,0.0,1.1902661742452203
389,0.3240192860067638,-0.20159083028186764,0.0,1.1966715877250849
390,0.8351192843879032,0.5128934773105985,0.0,1.3736610164893888
391,0.153032665646145,0.029007185750127673,0.0,1.2024169397717606
392,0.1437457929041793,0.8080731085202661,0.0,0.3678070901883075
393,-0.08696648137867298,0.257110177282836,0.0,0.3399006750739138
394,-0.42382692913670733,0.9246286573763217,0.0,-0.14815692548981374
395,0.9313388656223387,0.5234603089681604,0.0,2.21531440007359
396,0.9504084038787324,-0.37588162658823765,0.0,2.1636097223620228
397,-0.340507180820687,0.9236509787416489,0.0,-0.0017226881355910661
398,1.6144034453868168,-0.26250760381247934,0.0,2.8436544971479383
399,-0.034432415217312703,0.2544416200845893,0.0,0.3831102889342257
400,-0.806256772306813,0.5577164667733631,0.0,-1.085724690980762
401,1.0703485963087096,-0.39715673646076266,0.0,1.9454256373302452
402,0.21093211808464263,0.44834817212186967,0.0,1.052987922692463
403,-0.4005407384373131,1.0236675682554628,0.0,0.10284214373186029
404,-0.33739118003029556,0.9025967496871276,0.0,-0.22869458427359612
405,0.8330314503620423,-0.5598237367757972,0.0,1.8761309112954763
406,1.8960236750098804,-0.022629265054023698,0.0,3.2378151520613567
407,0.2961354482714219,-0.37941833566536065,0.0,0.5115200900189332
408,1.751737307836257,-0.03742286486772828,0.0,2.7468895319699715
409,-0.053848132023385564,1.1692237248523258,0.0,0.1662477938808598
410,1.055427076526731,0.2373409530277133,0.0,2.52373491714237
411,1.021796069934135,-0.44880758563869705,0.0,2.095771443495452
412,0.6921168562562321,0.6747801103222916,0.0,1.440538698369812
413,1.7988857550592676,0.0005373469356046989,0.0,2.7934901232157285
414,1.8213503017733566,0.06912983191398928,0.0,3.216931420938738
415,0.5335973942886605,0.8295522864078166,0.0,0.8991236979735924
416,-0.3392732276684358,0.7988721627305444,0.0,-0.2965453965347129
417,0.348003830426944,1.0654974095669865,0.0,1.3674199534314222
418,0.6709490321281856,-0.6238715840160911,0.0,1.7131013868193237
419,1.4952389592142585,-0.34505052920296053,0.0,2.4279552489928036
420,-0.15801372795329674,0.9449135914707769,0.0,-0.12275455916180039
421,1.9190182455692928,0.21748972661150257,0.0,3.2578125110041016
422,-0.4604395023054776,0.7701931990637199,0.0,0.14237778556466918
423,0.6060532402801706,-0.33357226380260974,0.0,0.9779257995152859
424,-0.7657134203041956,0.7094743597378578,0.0,-0.23905444097257755
425,-0.30910171060011793,0.9146833284011484,0.0,0.049633929452335246
426,2.0423472141528336,0.2904259406392993,0.0,3.9179771323998622
427,-0.9629200247666337,0.25176459580668387,0.0,-1.1185783764376782
428,0.5707769675285461,-0.5524700850597484,0.0,1.4864742182884805
429,0.6541926717053645,0.7195182946375303,0.0,1.0470710753072932
430,0.1066634387513071,0.8577705705911498,0.0,1.1071201338377525
431,1.0453008495428182,0.4175977188456005,0.0,2.030521484779814
432,0.687269037639457,0.8400352670610152,0.0,1.657542571278296
433,-0.3164190484844406,0.8735819388449612,0.0,0.37263880861250626
434,-0.5438836786226704,0.8221682817086339,0.0,-0.6423869270846827
435,1.1830331478035172,-0.5100690994420509,0.0,2.15790654739946
436,1.1546689992592762,-0.46489938208535514,0.0,2.568826678334809
437,0.23426456264858156,-0.1555808557190264,0.0,0.7979113486901948
438,-0.9972473237683488,0.20846468088830597,0.0,-0.744814178152169
439,1.113638297179105,0.08345052689451497,0.0,2.5603859843454093
440,1.8645567882899732,0.18529859238646834,0.0,3.253708001005867
441,0.7768128445585817,0.4770038095894985,0.0,1.697425468075034
442,1.938672003494066,0.11827843774961966,0.0,3.608339773772763
443,0.8199607551934929,0.39894004497093116,0.0,1.8018045583181521
444,-0.30094362547582093,0.8589030991054188,0.0,-0.14756078660166005
445,0.01328946929422481,0.09884230188069691,0.0,0.45880697689360445
446,-0.09707389434329683,0.3698898609687485,0.0,0.028296227280246333
447,-0.792532281796755,0.7675118957558401,0.0,-0.29449104981613616
448,0.8647329953659177,-0.6254215128123202,0.0,1.8669909907294027
449,2.0310657510527914,0.20776911906909762,0.0,3.7570428533583278
450,-1.020842766005382,0.37583780682552503,0.0,-1.3455132396424152
451,1.9889105188135356,0.3546763345526628,0.0,3.1145866556019635
452,-0.5892580946479107,0.9156466577225758,0.0,-0.48683779991417786
453,0.11896898128755104,1.246288277459903,0.0,1.034447778200853
454,1.5613144372525813,-0.3182795467568703,0.0,2.6865339298242747
455,0.44001190798950596,0.8758125607490334,0.0,1.4035315358945115
456,1.790027008003412,-0.053909617343829645,0.0,3.0222257600969193
457,1.553220697738602,-0.3767397703636447,0.0,2.7662202100697035
458,1.079864790287912,0.23689106867860452,0.0,2.247735615348878
459,1.0087503693018356,0.18636688511415492,0.0,1.8301476276481101
460,0.842290119369393,-0.536660985205884,0.0,2.105058392842688
461,1.6554939135440812,-0.20999470285047345,0.0,3.3137867788808384
462,0.23262256956973204,-0.11663690430253672,0.0,0.37921464906760544
463,0.9141907887429294,0.13928963030837727,0.0,2.122576878391177
464,-0.7790232768825851,0.35081303352402776,0.0,-0.7475697463022443
465,-0.5616919284043886,0.8345991664834246,0.0,-0.002947254561054047
466,0.5380379464053333,-0.31183346989444444,0.0,1.5039822134876948
467,0.002091245196901159,0.5236180870856686,0.0,0.20475615885104273
468,0.505896395797686,0.876202761176611,0.0,1.399193546176284
469,0.673153544544597,0.6418366043710855,0.0,1.6759640308828865
470,0.4217584902698044,1.0263020033891241,0.0,1.4932944358761553
471,-0.8170335434821415,0.5300171247639969,0.0,-1.0996976592030934
472,1.9952457578177119,0.12946416108284972,0.0,3.479177774917922
473,1.5238406463023741,-0.23479816548208207,0.0,3.175600616146463
474,2.0319517612996845,0.32339380586395183,0.0,3.0668836016729135
475,0.31730494784978663,0.9341500673929879,0.0,0.9393908394224139
476,2.06397807553559,0.42820915935124426,0.0,3.7148814806827626
477,-0.012184557519453992,0.9853665441351958,0.0,0.05893763036810605
478,-0.2082793131445212,0.9351946489542383,0.0,-0.12543555512036214
479,0.719330926385364,-0.530273327775754,0.0,2.039607784345482
480,1.6158971889513394,-0.17280101721158303,0.0,2.482818973278219
481,0.847024527198804,-0.5523488207336904,0.0,1.671946103716354
482,1.497543794667788,-0.3049785654631122,0.0,2.902161598281484
483,0.93788692671703,0.4422645808078953,0.0,1.4441244277711653
484,-0.19990698268153206,0.7203253185510977,0.0,0.31714032206115805
485,0.18791198196738845,,0.0,0.7176356289705517
486,-1.0286514294115174,0.2754525569618631,0.0,-0.9397112091006536
487,-0.9832792690735448,0.19075182719139094,0.0,-1.4231260623937416
488,0.8316414604589764,0.34573886331194237,0.0,1.660305178571944
489,-0.04051068426471062,0.2373791777003839,0.0,0.7074146662265957
490,1.7867401423860985,-0.17328434152396321,0.0,3.4267244452492527
491,-0.5466246675455132,0.9184693209869649,0.0,-0.8104800764643237
492,-0.351241136667908,0.8715020385883718,0.0,0.15852312565596305
493,0.3218383839064377,0.0489793560266934,0.0,1.1904248550432528
494,0.5668267812991256,0.1938896864284171,0.0,1.762233189907716
495,-1.1513550728475466,0.061013617909772375,0.0,-0.7358788541352619
496,-1.0328874697202528,0.1983419528333668,0.0,-0.5668876549054316
497,1.4149781444809229,-0.40719358133194306,0.0,2.169279221916733
498,-0.9208117613155491,0.2632583130607179,0.0,-1.3480454548749568
499,1.3403008890359605,-0.459085935898602,0.0,2.840274981882372
500,0.5182247198791915,0.8545930822957315,0.0,1.4774675980838112
501,0.9508874632005566,-0.5447121624744511,0.0,1.714249434723218
502,-0.3731549175185141,0.9335837978184759,0.0,-0.4557229864227994
503,0.668464894466549,0.9726641321390146,0.0,1.809506484518756
504,0.011613986872732634,0.22227981694638754,0.0,0.9349211385021924
505,0.2556442584388414,-0.28979763126659946,0.0,0.476134147555085
506,0.3607827018319098,1.0800979087087235,0.0,0.8625665975105719
507,0.7230863430034944,-0.6458055376125004,0.0,1.6327628245031325
508,0.9738215435604616,-0.5750020153691289,0.0,1.933973767681052
509,-0.47378755588612953,0.8628508622478641,0.0,-0.35987662810121324
510,-0.08200043839174817,0.4065913018064662,0.0,0.6102576862572047
511,0.9280898712359508,0.7517161924214106,0.0,1.4356462852185365
512,1.6123549172019107,-0.4441341989996691,0.0,2.822373032364328
513,1.8383606748354409,-0.1593259985228946,0.0,2.809348134848231
514,0.3929653358334092,-0.4594320112500392,0.0,0.9968530426648697
515,0.15488260587724706,-0.15608584139841863,0.0,0.9201308986838412
516,0.875409371857297,0.5922193866822139,0.0,1.7115473030885804
517,0.061421442610978975,1.0077821820081212,0.0,1.0580039040823075
518,0.5339097598316049,-0.3012047117676776,0.0,1.7955551378496515
519,1.842480210013573,-0.14229945142459408,0.0,3.1979016019549484
520,1.1744699312688902,-0.4348121506659549,0.0,1.9361410193302397
521,0.32452513805708344,-0.06567965770538892,0.0,0.787634221550611
522,0.6399907286546829,0.6914749021139113,0.0,1.856228624599891
523,0.19540627717318634,0.7419004788828814,0.0,0.6219358595637801
524,0.324807512411161,1.0144744350903547,0.0,1.1161565243574094
525,0.0052283928434110685,0.9540213612628284,0.0,0.30253378409952847
526,1.668470522524298,-0.007321653287324537,0.0,2.789564519451328
527,0.2542842899893726,-0.09635378803079768,0.0,1.3343037554225665
528,0.2315713799898312,0.7948833844085454,0.0,0.4490468611908015
529,-0.8228559813170714,0.6337618658766936,0.0,-1.0281023575916821
530,-1.0771017362781758,0.17149174580660945,0.0,-1.310772230899686
531,0.033844509231464946,0.017217971444366875,0.0,0.8013942449751941
532,0.919101474889622,-0.5748681650257732,0.0,1.900942856896451
533,-0.09205905438307364,0.3377696167172914,0.0,0.6142558961088519
534,0.06935560106105802,0.10544285763784791,0.0,0.21776248253620734
535,-0.05426052600305421,1.068228834112049,0.0,0.29690597763911586
536,0.8189875074844206,0.4302552078524627,0.0,1.8971550969832909
537,0.8585245689526051,0.1081827337790082,0.0,1.670224898712
538,1.1253167854367645,-0.475663297637878,0.0,1.68802851633404
539,1.0119962869247603,0.254532578708562,0.0,1.6438187127728185
540,1.6171321472322695,-0.269548951024744,0.0,3.307731006586069
541,0.04577101179535098,0.3260822334355774,0.0,0.24573138819923265
542,0.3958164652982622,-0.22397750090799368,0.0,1.0685913181286306
543,1.7794245848652273,0.060260940015333726,0.0,3.2749816678420958
544,0.27913990536928196,-0.08816490628216006,0.0,0.8798078211479838
545,0.3272249149317522,-0.17618614037657745,0.0,1.2566052400638024
546,1.888759176630069,0.134629053693576,0.0,3.690434906488616
547,-0.6922168314956346,0.7613324561337397,0.0,-0.06857412869570234
548,1.1753130771959939,-0.3054541602879922,0.0,2.6143726882640017
549,0.27812243990584395,-0.16579882601514823,0.0,1.2006377857171002
550,1.517860905614304,-0.33225109151211324,0.0,3.119944246172008
551,-0.15120857446571906,1.0486245260033358,0.0,0.5182831583142178
552,1.883501651270753,0.4412951869058084,0.0,3.108670891746774
553,0.9081332988265658,-0.30359307112626044,0.0,1.9496313230706843
554,1.2220780149895496,-0.4227290586649639,0.0,2.3193470554883815
555,-1.0331075274702644,0.2218670703653579,0.0,-0.8705676511851648
556,1.7206549446833528,-0.07473354175160199,0.0,2.5993445477159405
557,-0.9973199659630828,0.11674589803689404,0.0,-0.958829060422411
558,0.09488687430229789,0.9830565784299786,0.0,0.6621742426690658
559,-0.6442529501565822,0.7377557071801807,0.0,-0.35910195130380596
560,1.6483688513736847,-0.4418285366146584,0.0,3.4663627310303755
561,0.3186301760078448,0.9009766388102699,0.0,0.732931885473749
562,1.612430232950984,-0.3159810835822476,0.0,2.505144859390148
563,0.3533374378633862,-0.2844638359236388,0.0,1.1787391054151095
564,-0.8020658815961033,0.22279428171331567,0.0,-0.62361433331219
565,0.7348411716520553,-0.16159413726200894,0.0,1.9885042846799441
566,-0.4075337485975909,0.935139817348101,0.0,-0.021222355597065756
567,1.3378252217639908,-0.4727095306271406,0.0,2.5736661821002507
568,1.0900224262118992,0.18125334570481177,0.0,2.2431986444890706
569,-0.6294463131869965,0.48986251676941767,0.0,-0.13485899718062433
570,-0.4627924753509876,0.8095405104506659,0.0,-0.6506810194696553
571,0.5693577944675279,-0.4341661864103673,0.0,0.8959328820472847
572,1.7936884081243087,0.24143461064395422,0.0,3.2230761970942434
573,0.03199860613987425,0.246586315940776,0.0,0.48604368883711313
574,0.760498403118856,0.41961402622357863,0.0,1.7363790293067365
575,0.9418785404991896,0.4092881868377885,0.0,1.669277669982321
576,0.14300329708665666,-0.2736377976058084,0.0,0.5538361283693644
577,-0.8017515624699332,0.5723838197827411,0.0,-0.9818215924222309
578,1.8878743181866797,-0.0307049836196219,0.0,3.1212239252230667
579,-1.126100035748642,0.0896438532817766,0.0,-1.0160624223362014
580,1.2152879311239528,-0.23265937523073354,0.0,1.9245895974740481
581,-0.6118129543471553,0.7857631913143749,0.0,-0.8973132694447845
582,1.8951669070589303,0.30376231594575426,0.0,3.757011856320002
583,-1.0153122285688507,0.5587728000372748,0.0,-1.4474046552053363
584,1.374317056488281,-0.199574018666137,0.0,2.627415961895873
585,0.7430744764158125,0.9949778568761223,0.0,1.165263742770268
586,0.5941811866800553,-0.4675918967582856,0.0,1.1794091576949142
587,1.416276743254967,-0.4764550894159393,0.0,2.8316897355172608
588,1.30216586914213,-0.34425647914422297,0.0,2.5453181025292677
589,0.18603654084987337,0.030485413594352945,0.0,0.7137549487347602
590,-0.09211721626118402,0.7924587753184794,0.0,0.019241682718866365
591,1.7476469203485137,-0.17634452832916395,,3.148069518570468
592,-1.0283905813541294,0.046497422881787084,0.0,-1.3034061552683542
593,1.0712507635921142,0.1492957026434747,0.0,1.9306058446275007
594,0.8256893787538376,0.22554865888862702,0.0,1.7503980553888325
595,-0.6849239515876385,0.623253950953438,0.0,-0.406711854455719
596,1.866486849589557,-0.04970712934169597,0.0,3.6895426641166775
597,-0.916251519181424,0.2052062128028737,0.0,-1.3567149280538346
598,1.428271290523098,-0.29119355794025087,0.0,2.9212705481918664
599,1.696724301048082,-0.4395116785313693,0.0,3.423452375106639
600,0.010981434155295025,0.45482962364504886,0.0,0.939796114307635
601,1.2906680773559094,-0.4508888084186439,0.0,2.526646186546912
602,0.7709296713778665,0.6166263672620171,0.0,1.996377812840975
603,1.2520609786818642,-0.5860969856557344,0.0,2.5923349731713166
604,-0.5593521207655366,0.8947577070505918,0.0,-0.5466224961084725
605,1.574996846657378,-0.30297618105917856,0.0,2.8049096441455217
606,0.062343841164684215,0.41220116251223204,0.0,0.6938279834120774
607,0.31800213698890284,-0.3962157636733342,0.0,1.0967793225688518
608,-0.05131684911168176,0.35011285073788795,0.0,0.16128858645774805
609,-0.02976735255271197,0.841349314952065,0.0,0.1539674821178087
610,-0.9544135091500687,0.30852235863040023,0.0,-1.1179913845458276
611,1.3210665135886384,-0.6105735990114198,0.0,2.632303622918869
612,0.34255577660525605,-0.09955577442581115,0.0,0.8654329535325848
613,0.3027195969900448,0.025892973001710284,0.0,1.3857405814948172
614,1.1049871635769384,-0.469598319995559,0.0,2.4103872174268486
615,0.07966972402808253,0.8558852774066236,0.0,0.2997799638042
616,1.0172063307106454,-0.5036013436436736,0.0,1.902324220006986
617,0.13163770889621224,,0.0,0.4804424804752212
618,-1.0029316550646052,0.720118763246276,0.0,-1.348876903661635
619,1.9011855734571623,0.14538779038272545,0.0,3.277894737718886
620,-0.32438622546988816,0.8978436823189343,0.0,0.44832076150906675
621,1.852128054082625,-0.08260711636984354,0.0,3.1822511561655786
622,1.9967472233873333,0.20627438372444679,0.0,3.5123699399882877
623,-0.749565011339133,0.3043300705432236,0.0,-0.2109959706147645
624,0.560873718731608,1.0057301516209614,0.0,1.6740764547482443
625,0.10796506902049578,0.9609957480547493,0.0,0.4193474136535069
626,1.856566448171948,0.4359055623886552,0.0,3.1977437347933546
627,1.8860219768661222,0.04323592846585527,0.0,3.5051057232206837
628,1.1391510519526435,-0.40303206775232775,0.0,2.0900499649347637
629,0.8672397702053096,0.03638774556650984,0.0,2.1443394415121877
630,1.0459162349980538,0.2703644967118772,0.0,2.3619547624638133
631,0.3853068278575617,-0.33196384386949807,0.0,0.9323227178249374
632,0.30298600723780056,-0.4572303887296801,0.0,1.2103100833410458
633,0.1618554308594287,0.25395372460010934,0.0,1.0328807167212606
634,0.9249817775106657,-0.25887915968025743,0.0,1.97267982757239
635,-0.8250782807496434,0.21868268316039444,0.0,-0.3622692631921691
636,0.7868870605639231,0.7259406581178356,0.0,1.8179340271164057
637,-0.8990430449450536,0.2504886047478304,0.0,-0.9970632028188773
638,-0.9008176491254898,0.2930150335887963,0.0,-0.40471143468329596
639,1.1083353088170023,-0.5428824710531939,0.0,1.9065127061923433
640,0.14620455432441282,0.036157245524494334,0.0,1.0066393784269763
641,0.37795838137046595,0.8967156393395167,0.0,1.436432214831389
642,0.8742263611941422,0.4533044738896132,0.0,1.993580510347321
643,-0.9188176415165964,0.11669387526700829,0.0,-0.5152148356976014
644,1.6401089314476809,-0.3572168198302281,0.0,3.377681354636291
645,-0.8933889835567155,0.5525314663160034,0.0,-0.495377770863624
646,0.8859297214386768,0.7967596611020111,0.0,1.8229256007888481
647,0.9268103050309977,0.29421559868836644,0.0,1.8341369992401355
648,1.257908342889683,-0.39300154626354067,0.0,2.077339130070418
649,1.0912041908651775,-0.5565585510588207,0.0,1.990065555310554
650,-0.46311072234053696,1.0587877406804354,0.0,-0.34119979632322084
651,1.8031848795275098,0.07681773755735646,0.0,3.152146010415809
652,0.08142579448702045,0.9933861467434936,0.0,0.7610881577533725
653,-0.02325060593646415,1.2082172473976596,0.0,0.2966510978152334
654,-0.8851301274689773,0.11271128629977616,0.0,-1.276957518668242
655,0.6191795191172899,-0.33314516866489186,0.0,1.5355553435662501
656,-0.9490499390461894,-0.07152894234850088,0.0,-1.3725163876291464
657,0.06700992343753512,1.0929679005122808,0.0,0.7051737768689035
658,-0.6930813906060966,0.5916639009185547,0.0,-0.7367635919801533
659,0.5094063290969021,-0.37318123352810917,0.0,0.8006167621146543
660,0.9360398202084936,-0.3743703363425249,0.0,2.190702689578873
661,1.4109845728042365,-0.43628063935740574,0.0,2.8535656638285434
662,-0.05860276890731356,0.9330854078751558,0.0,-0.03074149723498397
663,1.7582416294460033,-0.25602933796261224,0.0,2.926772389815472
664,-0.8058649829960294,0.9030751403212123,0.0,-0.7877625821446138
665,,0.44698672321184735,0.0,-0.5310307071531897
666,0.8877168296910798,-0.5207147117804846,0.0,1.720814903607251
667,0.5388793782515667,0.7890400653356984,0.0,0.922527319578566
668,0.7746957121806592,-0.5515929260935452,0.0,1.1962878950963618
669,-0.8468333512555491,0.5324673292197635,0.0,-0.4580953582376148
670,-0.5091402013424156,0.9075896416581323,0.0,-0.4672679271325699
671,0.6732838615071439,0.6317007937284872,0.0,1.169648812390943
672,0.18674163255332438,0.040072948433926836,0.0,1.0356311330283514
673,0.9645105164483319,0.36772126304954955,0.0,1.9403390347398446
674,0.30850622895239577,0.2182199364400693,0.0,1.2226262693490824
675,0.9777568214396212,0.01666957323041146,0.0,2.0689986024236937
676,-0.03323121605877073,0.12194029532233094,0.0,0.5560930065291367
677,0.586335512258995,-0.28679399139176615,0.0,1.4665649667219367
678,-0.06656020083114911,0.9888930933290716,0.0,0.6193294417042903
679,0.6669721247483319,-0.5989597420470296,0.0,1.3491809463963556
680,0.7457644350318003,0.7430285498072643,0.0,1.191938935974886
681,-0.9480006377192612,0.5546872535292892,0.0,-0.49158944076314226
682,0.009481683056251355,0.9922503014181377,0.0,0.3534263571812052
683,0.4005340149962871,0.7266093218425418,0.0,1.2542925625783325
684,-1.037203677321066,-0.01747288278311552,0.0,-1.2062990713264843
685,0.7790354353318836,0.443919029395594,0.0,1.5223130206701123
686,0.084210950655574,0.32774930338646535,0.0,0.9466634956161223
687,1.0443512912603978,0.29508569644799754,0.0,1.7481441251897807
688,0.041024135852018334,-0.015353468404201098,0.0,0.5202650329892199
689,1.2109308769234106,-0.5242187388370617,0.0,2.423091333048542
690,-1.044058695189885,0.3492197095492399,0.0,-1.3563267457088806
691,-0.8219111901418854,0.042909057195856845,0.0,-0.5186336693837051
692,-0.29798515660708813,1.0359340776166301,0.0,0.07136668309775895
693,0.5495411729780906,-0.39231281059154655,0.0,0.8755505394813179
694,-0.8166190362329344,0.6803159555698937,0.0,-1.0713062318223574
695,1.5613043959632582,-0.2071672917023645,0.0,3.155259764627903
696,1.9640007579749548,-0.12038177004604451,0.0,3.433864709405202
697,0.0890633984990673,1.095640484704216,0.0,0.6038900780823147
698,1.4329587228473348,-0.36975488190567746,0.0,2.1599092289195063
699,2.1528565887247404,0.3213501229723782,0.0,3.817142358663849
700,0.8291900484172117,0.5812544675804926,0.0,1.5576188178525623
701,2.0332199061619516,0.23408392725663116,0.0,3.3088194120661427
702,-0.6575784970921907,0.8643478970387899,0.0,-0.44107406407865346
703,0.5565370198496389,0.6919425653764852,0.0,1.483543178502404
704,0.6709709434413652,-0.45395025987113613,0.0,1.5566215410227406
705,0.1299322098241062,0.24605149702896373,0.0,1.0647411291201556
706,0.8113837473573797,-0.2619463138036655,0.0,1.5245287797655966
707,-1.1462241866260474,-0.008316835749334943,0.0,-1.324010271933383
708,0.07945198082150341,-0.03132202582043697,0.0,0.15544248189838214
709,-0.47624737489003677,0.9371586133567306,0.0,-0.5529072097349672
710,1.6943143186977008,-0.17327846708188085,0.0,3.405665244934199
711,0.4195296283685922,1.0422698878707803,0.0,1.3068345122708223
712,1.7550950970266492,-0.3106904191715691,0.0,2.904697301650305
713,0.6532993062193765,-0.3989893824442917,0.0,1.3226689856194245
714,-0.9749174071075574,0.4757299769727178,0.0,-1.3120732613987673
715,0.552390836309498,-0.4580627483557596,0.0,1.6991410959839883
716,-0.4777065097525025,0.8490848677120284,0.0,-0.23263382426406076
717,0.22430752047762093,0.23690199455071023,0.0,1.2957584048894912
718,0.6097023894542578,0.6997366154428302,0.0,1.305858397940851
719,1.0398010407916811,0.23252993914686895,0.0,2.473940334140747
720,2.1128271741647704,0.29107255615132277,0.0,3.707475192129703
721,0.6083298956725525,-0.5336687694255313,0.0,1.2419499921880761
722,0.4573680808745033,-0.22328938121336034,0.0,0.8996695422407278
723,0.9829093222573067,0.6643083522729045,0.0,1.6621218707781253
724,-0.7246750244301619,0.6315675865850011,0.0,-1.0517346642798122
725,0.33618111642877946,0.9299348232959036,0.0,1.2100464687410102
726,0.3145830880459536,-0.384366643946797,0.0,1.1704035087846092
727,0.7259824899207944,0.8464854668242656,0.0,1.2830542385700445
728,1.6929385339722107,-0.0755751577211335,0.0,3.358491824984067
729,1.9102659312098451,0.2595616578454871,0.0,2.89253912500899
730,0.8158780395968446,-0.44673687968133824,0.0,1.292897826305475
731,-0.02417988271746626,0.37397836543708185,0.0,0.6607626282439166
732,-0.9761066981568362,0.5222081349349947,0.0,-0.92634038128839
733,-0.5832906167635381,0.7512008711387792,0.0,-0.5392058539932578
734,0.8518252645046845,-0.5424703701791033,0.0,1.4615087965866271
735,1.013137803972718,-0.5167285021255345,0.0,1.9343390297101821
736,-1.1595036242733516,0.35860296442510986,0.0,-1.3648747069676563
737,1.6489977854761024,-0.33031617589521706,0.0,2.9481101931871967
738,-0.6025004534625722,0.5833121437132113,0.0,-0.1304232100639131
739,0.6293019293759458,0.7526769007876977,0.0,1.2918845957593783
740,-0.4682686590613265,0.8375986475796681,0.0,-0.23078233605086773
741,-0.8665832802399637,0.30689809161423176,0.0,-0.4723613612737
742,0.5024326133737131,0.9969988048703358,0.0,0.9669734984230135
743,1.9005145814151703,0.05926589827533778,0.0,3.2900184066510256
744,1.9728123987773156,-0.03870697388496402,0.0,3.815159706879897
745,1.8542967441993734,0.1861994123849413,,3.6161652049385338
746,1.1253590207401378,-0.4343522824535378,0.0,1.7154449902777449
747,1.3218396556870147,-0.5003182162933634,0.0,2.9116933044280824
748,-0.2951177774150678,1.0115110518691557,0.0,0.47758983009671085
749,1.0125597614798194,-0.29946739484158136,0.0,1.544040184291741
750,-1.0416875400146504,0.46169135279781737,0.0,-1.0965195479789513
751,0.6596595003284766,-0.4714473369770092,0.0,1.8971535328092854
752,-0.1161012679447331,1.0753777452158368,0.0,0.7871091671537396
753,0.9799096554482785,-0.3750801703261583,0.0,2.167979581257399
754,1.6031174660549132,-0.18230299417415194,0.0,2.60738013199353
755,0.9507007948290646,0.5352695148724586,0.0,2.080650514011761
756,1.192214383427703,-0.6267216833207464,0.0,2.6120362298736164
757,2.051575494910105,0.46816959232829164,0.0,3.974377414113415
758,-0.33955294304517336,0.896553153865644,0.0,0.2238927328075241
759,1.802308092674068,0.11576926834243484,0.0,2.8016348661959727
760,1.7427142560822728,0.45158848179892674,0.0,2.7230150023596296
761,0.3648955636906914,-0.1615687222101181,0.0,0.6902049376741148
762,-0.10672128382667716,0.8547101662769075,0.0,0.13712086747401736
763,-0.8473829021788315,0.350668020975235,0.0,-0.4449299398536961
764,0.28517632232542567,-0.23209818599180457,0.0,0.5257307560809592
765,0.06467434060424739,0.10087415616564271,0.0,0.8723284307462069
766,0.9250303296901707,0.3623407976533124,0.0,2.2699772123667596
767,1.9006508825076025,-0.04851953855389474,0.0,3.4420672889540236
768,0.5693930234543052,0.6603205811959828,0.0,1.224111357569503
769,-0.9887674988986846,0.24085950940896877,0.0,-1.0393364169568469
770,0.24645375821969243,0.9855944391683502,0.0,0.6447566292284932
771,-0.8919659394079494,0.5493799013899299,0.0,-0.9015825078494467
772,0.24436076129598494,0.9694942277201051,0.0,0.3692091559116976
773,0.41814162746485695,-0.4892808601779044,0.0,1.5555522441321834
774,-0.1251803535541593,1.0169489383139092,0.0,-0.0839334142147298
775,1.7972629227677215,-0.27756299800895406,0.0,2.9339631982209022
776,0.3071589588267779,-0.3703229649701466,0.0,0.6757453036141992
777,1.1660883584186459,-0.351030389656867,0.0,2.347338326051645
778,1.4634219977438827,-0.4593817651427967,0.0,2.380778049075249
779,0.7608797843094839,-0.47912380441063973,0.0,1.2478578474924418
780,2.016351261174781,0.3462110046130558,0.0,4.013921011546756
781,0.04125106202942383,0.041745952414746865,0.0,0.3616187247804965
782,0.2264135819355691,0.02255107972530196,0.0,0.6043887730630665
783,-0.8623613778293165,0.15763203473239745,0.0,-1.0142649207972456
784,1.0604886347253024,0.35048535678324666,0.0,2.180193014945502
785,-0.4190035907795985,0.7801008609024594,0.0,-0.4534104530630143
786,1.58702276454914,-0.5574937765126212,0.0,2.9293541944845485
787,1.4856912837456713,-0.3386068719731996,0.0,2.4380761131627993
788,1.4505325473925992,-0.41092579018740105,0.0,2.5013686559201758
789,1.8895022105470805,0.20525396855670358,0.0,3.5429334223902558
790,1.7977323940538599,-0.4260700541064587,0.0,3.539654446176774
791,-0.9372768955799998,0.21047933820418857,0.0,-1.1618462005722958
792,0.27442118838595636,-0.18744534138142516,0.0,1.241023787076963
793,0.9548698999472396,0.5203481079920761,0.0,2.1621454912222458
794,1.9163545315893655,0.4609740282744256,0.0,3.017949674506608
795,1.987197502389248,0.0055781540227661935,0.0,3.8080483040717867
796,1.984679660528068,0.3515416882511896,0.0,3.9434605237990965
797,2.031347653375195,0.3795534758996896,0.0,3.6897192759750626
798,-0.03176792485499168,0.14833461887640015,0.0,0.6372855003934732
799,-1.1401585859247354,0.12013554026470372,0.0,-1.6830182494007322
800,0.8130883259986041,0.5341318364169667,0.0,1.496326353394071
801,0.38514133830170627,-0.3883022615558014,0.0,1.1031874469611553
802,-0.14257948250548844,0.9993964685338175,0.0,0.5307521561985333
803,-0.8992330478432229,0.42327228969848507,0.0,-0.9262853375232173
804,-0.9505242074568294,0.3952441602385083,0.0,-0.6628395963692437
805,-0.9659080478918475,0.1634812567803321,0.0,-1.3971827088026287
806,0.14727109738415667,1.114444681897527,0.0,0.39806530236992155
807,-0.06035523038515009,0.2983881350256612,0.0,0.48713495784601757
808,0.9909826918774878,0.37680610453573293,0.0,1.9026955143643618
809,0.09813118738891999,-0.10382854886750865,0.0,0.42783832066636696
810,-0.2005478891618141,1.0184336590845176,0.0,-0.009219209724109556
811,1.8958863113850317,0.35787325263401465,0.0,2.883649655504588
812,0.8869609562806574,0.3926568981324388,0.0,1.6394902663786783
813,0.2418380356812208,1.0678289501395493,0.0,1.1437186072704826
814,-0.1837824725400955,0.8332252536050617,0.0,-0.10257961471310223
815,-0.8382444487116135,0.45986028140514207,0.0,
816,1.2191838091319969,-0.3108840369948589,0.0,2.734227304276301
817,,-0.48956177707789156,0.0,1.9354631343014104
818,0.9503985735396212,0.731052294450786,0.0,1.586185071483412
819,0.8899109758536967,0.11359723125458693,0.0,1.9810458945271536
820,-0.08536191160311019,1.0174999198610664,0.0,0.06770968413049841
821,-0.011963917057870185,0.1335667680530006,0.0,0.9493707657680817
822,-0.4580245160628259,0.7571055515605564,0.0,0.24692885415984966
823,-0.36434861560562054,1.0600756250050407,0.0,0.3221931264754595
824,-0.33924549596156534,0.8000073214332786,0.0,0.4787843275326461
825,1.563156055868763,-0.3362742413250291,0.0,3.0509427776107367
826,0.3887375269626205,-0.2599192888452687,0.0,0.5872766471683026
827,0.9021753309101878,-0.5868340855834342,0.0,2.1811157611743432
828,-0.993245793672841,0.203012349348729,0.0,-0.7363087916625396
829,-1.0649876293127791,0.22278398466891813,0.0,-0.8298187188318272
830,0.2012808893902845,0.8453606596925798,0.0,0.4959626653428151
831,2.144572380650805,0.4927909870352979,0.0,3.91106883629219
832,-1.1304746802282482,0.07826207787238978,0.0,-0.9725684451549081
833,0.9515632695561377,0.03536586589038794,0.0,1.5642052633165147
834,0.8365697848153222,-0.34981738368016835,0.0,1.280855298344797
835,-0.03666927684628124,0.33803852306553606,0.0,0.5112557793818703
836,1.3045175165484721,-0.5064346732211853,0.0,2.614615280761018
837,0.7970147841304472,0.7276686137362384,0.0,1.397858237334585
838,-0.7985415853327835,0.7251775635795186,0.0,-0.5499072950876027
839,-0.5540436599375068,0.9328093453238827,0.0,-0.6733277334510267
840,1.9359464719000439,-0.19989984469030203,0.0,3.2887295661855163
841,0.52974281304113,-0.3458646446159931,0.0,1.6568312432257346
842,0.9894487868964815,-0.21192194462306663,0.0,1.920861178591283
843,0.5585996867829875,1.0059051847785185,0.0,1.4687416275011933
844,-0.3902108153827716,1.0081323275089602,0.0,0.2770119463122479
845,0.018207746065082728,1.0910717956366143,0.0,0.4650199927421688
846,0.0886412206485156,0.9516625554568715,0.0,0.3674910161301921
847,0.5983710017118512,-0.3349796301709585,0.0,1.1489117051058753
848,0.6832041752399619,-0.4014956723547907,0.0,1.1017317356056617
849,0.3551394528449503,1.045166356726724,0.0,1.2847414769154546
850,-0.4052704212983175,1.0734457087783233,0.0,-0.0372854523626448
851,0.9406320265612467,0.6528821807883434,0.0,2.2894264638557225
852,-1.0050155982496989,0.4365620581619703,0.0,-1.12352212902343
853,1.9141575222925775,0.009968199622997817,0.0,3.6619183246534863
854,-0.9779512646421429,0.189278366609487,0.0,-0.9959160473485771
855,1.7613696598796895,-0.40288767774567547,0.0,3.5747120503719434
856,1.6836028542165293,-0.08829757095916355,0.0,2.5928722263009245
857,1.8740488874009105,-0.14899124568512306,0.0,3.0815249287170343
858,0.16032437476685302,0.49783930019329836,0.0,0.7237642893458571
859,1.9211552099611313,-0.03442920195690159,0.0,3.867819450882489
860,-0.30458481596476983,0.8336668439275966,0.0,-0.3081033825074389
861,0.9662487443683054,0.35158668337972365,0.0,1.4777903458667292
862,0.9645963612677352,-0.5469042204286461,0.0,1.6440401978582042
863,0.9517829343747397,0.14900324764698192,0.0,1.9500956244260867
864,0.23519890661508308,-0.37750502264496294,0.0,1.0104215275789699
865,0.9789425818427221,-0.31952936604794147,0.0,2.3153030441363955
866,-0.7782224715225928,0.7804506038693115,0.0,-0.6298582330326458
867,0.9338020195747536,0.5334388220438597,0.0,2.2075611600530545
868,0.2119812327582024,0.039911132388457796,0.0,1.102345384959437
869,1.6269474329630869,-0.37028921284928473,0.0,3.1070918772487537
870,1.1144483089372872,0.4426341404114661,0.0,1.7092459703761105
871,0.10388125703411649,-0.11701276382659415,0.0,0.9100382826031425
872,1.2512149649129833,-0.23157792290690907,0.0,2.124971257484048
873,-0.030389467290765346,1.0792802168962643,0.0,0.8900283634689298
874,1.8615713450130897,0.11126405185460753,0.0,3.4933824289714415
875,-0.18693971804385723,1.0184280186545998,0.0,0.1872186136633478
876,0.5471648695593503,-0.19958138356089225,0.0,0.9986329946444606
877,0.5767526732145883,0.7078800019418486,0.0,1.540002562008604
878,0.08118641421393022,-0.2190204930898424,0.0,0.6538645284327443
879,0.09870792330098123,0.8650979866917221,0.0,0.515210001054869
880,-0.8366523591056065,0.7119560582388182,0.0,-0.9462433893746048
881,1.2885938842222637,-0.486387004791658,0.0,2.0815406301537775
882,0.15865521393721266,0.07812047821609727,0.0,0.6011668520195013
883,0.45453445178650875,-0.4185012098334633,0.0,1.2873955446257987
884,-0.7579563151525334,0.0033233759253429584,0.0,-0.71001610639632
885,0.13665748244568732,-0.054032439042369956,0.0,0.2193346738726794
886,1.030876617532957,-0.013068524575277123,0.0,2.1816743467757527
887,0.09089368170821743,0.008196233715855934,0.0,0.8224668340659935
888,-0.30402345678702125,0.8811410103993377,0.0,-0.3709174012828479
889,0.27599637800304855,-0.24788365188519043,0.0,1.2535915445503591
890,,-0.5771276311238067,0.0,2.6158004177885372
891,1.1012950027689432,0.3370027107617711,0.0,1.7727104749180227
892,-0.12299545484146364,1.0538058541033943,0.0,0.11773799876328861
893,1.1801584745352969,-0.467171811578707,0.0,1.9759392882547282
894,0.05854972060000265,0.4345345323943275,0.0,0.17351330016084485
895,2.017967103340537,0.3086785944414928,0.0,3.957464273141195
896,0.7930940171594616,0.5746672626095121,0.0,1.2937091761027544
897,0.06942654081981596,0.036221336214390554,0.0,0.13255106268809058
898,0.06209140957364012,0.19018831315319124,0.0,0.1777571965860149
899,0.7647303447957435,0.5310661384895248,0.0,2.007620242626658
900,-0.03307579247786415,0.459669267462622,0.0,0.02117742792242111
901,-0.6241490915198364,0.9871568690552059,0.0,-0.04628966673400836
902,-0.791902339877108,0.5560912975950436,0.0,-0.7367556230183625
903,1.974754838901368,0.25769386942700884,0.0,3.314381731817389
904,0.10611866581288129,1.0633140476685883,0.0,0.6632460107224694
905,-0.6538741411766371,0.8581662657310706,0.0,-0.2742375620050417
906,0.8667466860013233,-0.46285244308749013,0.0,2.0487467071362655
907,-0.9143682070582047,0.29712074437162617,0.0,-1.274238392067085
908,0.6500271089801155,-0.2996492310830483,0.0,1.753645266484006
909,0.693856481129526,-0.3279343720017678,0.0,1.7488396584932886
910,1.184713226792982,0.09973346146175625,0.0,1.924306402112669
911,1.1963629527282569,-0.5111862691782237,0.0,2.4553180662631005
912,-0.6018220109854135,0.7717885244537817,0.0,-0.0641582810996828
913,-0.625690030150677,0.6890523242814718,0.0,-0.12282132126487877
914,0.4787212426536591,-0.3534741857512712,0.0,0.7493720110068179
915,1.876310126626191,0.20022840376157092,0.0,3.039573154375251
916,0.2265951299593092,0.982765660887312,0.0,0.9714863506877217
917,0.617936549525295,0.7824790257240526,0.0,1.7675456563457606
918,1.0679760619045158,0.19047736214176952,0.0,1.7004464560232304
919,0.8501848667326599,0.251343374813573,0.0,2.2405645036361994
920,-0.07613989494359988,1.0056469991074881,0.0,0.7075878547342758
921,-0.8409924308295593,0.7920244082318404,0.0,-0.7549409449224349
922,-0.38199566727821477,0.8812056858400384,0.0,0.33415502076149417
923,-0.008887219318199517,0.4963653820236424,0.0,0.7840832730117622
924,-0.9599216200785936,0.4244274496397762,0.0,-1.3768565137101576
925,0.9589838195141376,0.26648110920318,0.0,2.0473216306668425
926,0.7218935898951195,0.5575124373575744,0.0,1.5071264394872148
927,1.5898185410908214,-0.17922059360116632,0.0,3.3144515324021935
928,0.6279705294997461,0.6599063532476765,0.0,1.779327851602384
929,1.8747154609133379,-0.30270751528238243,0.0,2.922697578277717
930,0.49312963163797396,0.8528680967475715,0.0,1.528439622675776
931,-0.03381982441710103,1.1040486275188361,0.0,0.3257600785616441
932,-0.17165206549928813,0.14247151677320075,0.0,0.4091703907216523
933,1.263030329633715,-0.45535544334468914,0.0,2.3382277323234053
934,-0.0033191710794460427,0.8605725477715064,0.0,0.5761766381823765
935,0.15742899100772603,0.15773114972234245,0.0,1.2226337943065284
936,0.42096931134726107,-0.24309591187430518,0.0,1.5758597349700159
937,-0.09199326523519208,0.5246466045534492,0.0,0.14660859968120102
938,2.258142307791394,0.2776755598569672,0.0,3.5535359047221267
939,0.015889775350705106,0.2358680379519412,0.0,0.92061006712354
940,0.31990219443605544,1.1591586522825201,0.0,0.924189490704238
941,1.9280077026859268,-0.03465482283817108,0.0,3.706837131343804
942,0.7054579648618731,0.7065963799282651,0.0,1.7530438935639494
943,-0.13122429821487885,0.9691994035450869,0.0,0.5337254113042041
944,-0.4148723638566628,0.7964641595532127,0.0,0.042758981585233724
945,0.6024683426862714,-0.44768567070910426,0.0,0.9293139736358065
946,0.019172617045722644,0.9837289737355766,0.0,0.9416745918773106
947,0.015053289604776646,0.26166563619880395,0.0,0.06158550410766204
948,0.3137821990726247,1.0966131826150882,0.0,1.216044302847224
949,-0.020272300733491344,0.9638187216204039,0.0,0.5300105469887317
950,1.94267641330015,0.9258584668888885,0.0,3.601961026458473
951,0.6011777305903474,1.928429361361925,0.0,1.2522095246848257
952,1.6190185947297169,-0.5624237705702844,0.0,3.107829091606546
953,1.9838101683806297,1.7376402719124522,0.0,3.174064833450102
954,0.45634342946717377,0.7287829019869347,0.0,1.5244571567664127
955,1.4587837551902234,1.8664898445209974,0.0,2.7059657001930986
956,0.6796560818270949,1.1796921579382997,0.0,1.6945741435479662
957,0.0757211965431388,-0.37967172937002036,0.0,0.5374779618539683
958,0.32029353867871313,0.053282179776924954,0.0,0.7352150711526062
959,1.8776144585976688,-0.39727614724615223,0.0,3.4000582874572878
960,0.507070894064727,-0.7384710257941658,0.0,1.1654348317606575
961,1.4533047330932047,0.29090840998945766,0.0,2.4850870977133277
962,-0.5573402339536839,0.16950321634667853,0.0,-0.5824767743943636
963,-0.13479452805360181,1.119632744695349,0.0,0.6848720611639166
964,1.1809143578966481,0.7513416224897669,0.0,1.941916778738893
965,2.185988158369816,-0.45069690482877,0.0,3.646782668873585
966,1.7328071771500777,-0.4776531542531016,0.0,2.930531538087357
967,0.7587003970388662,0.03367563428786635,0.0,1.996894854188095
968,1.2954118076109495,-0.7067539782632273,0.0,2.0048085741168236
969,0.7621828862300641,-0.7858878447526776,0.0,1.3827990856860692
970,0.8800437368871943,1.2045090060616637,0.0,2.3120615503567876
971,-0.6628120054440593,2.1753905939703735,0.0,-0.872892379742315
972,0.858249030618808,-0.7304953941398302,0.0,1.9085660170986423
973,1.3382178483642344,1.0322591235351528,0.0,2.6761659209423496
974,0.32409866966721856,-0.34606970990558017,0.0,0.5799314819849439
975,0.7052542945306475,-1.1398709775253844,0.0,1.9516235485792823
976,-0.210551065449313,-0.2559350781421651,0.0,0.015145091761635698
977,-1.067795093511698,0.20189730170388787,0.0,-1.5201046417777613
978,-0.3713320386669192,0.8824883825770116,0.0,0.35016075082612985
979,2.210287795042529,0.3881308599386897,0.0,4.173025159192966
980,1.1827508529551853,0.915909363021125,0.0,2.6167645908327386
981,-0.1960414827704856,1.2326625737957972,0.0,0.1075278777750584
982,1.6403411737674418,1.8283242350863482,0.0,2.864343383316406
983,-0.41635350407108707,2.137918198079963,0.0,0.24899279444166422
984,-0.14993097498890307,0.6828795861723354,0.0,0.1730784557763433
985,-0.05856103457039441,-1.1415105577646412,0.0,0.12366502919274913
986,-0.4973698665879328,-0.9166700407325388,0.0,-0.05362429121767953
987,-1.174021370996991,-0.5835807915483768,0.0,-1.5804997868151758
988,-0.38119280065622374,0.8906654169772847,0.0,-0.1878381049827349
989,-0.30626876237029776,-0.7282881613046068,0.0,0.16188388752092797
990,-0.16711998930872252,-0.40815209469345215,0.0,0.5217907557740933
991,0.8316053249982904,-0.6502726246832651,0.0,1.313147293969668
992,0.32491492491605256,-0.8040581943859818,0.0,1.3309653316790329
993,-0.4638923277925767,-0.7002594510549535,0.0,-0.0921919804147251
994,0.5960936176707283,-1.1671168246195358,0.0,1.0617859476174307
995,1.5035428672937428,0.405125174670546,0.0,2.527187254641855
996,0.7767577652817628,-0.8523833554780083,0.0,1.7282150955031457
997,1.7784121760406963,-1.1307933960450283,0.0,3.3494795412817497
998,2.099381049447299,2.2437773903948734,0.0,3.6829276647811833
999,1.0094609742214071,1.0631815604464128,0.0,2.411535997426684
